-- phpMyAdmin SQL Dump
-- version 5.2.1
-- https://www.phpmyadmin.net/
--
-- 主機： 127.0.0.1
-- 產生時間： 2024-11-19 14:21:17
-- 伺服器版本： 8.0.37
-- PHP 版本： 8.2.12

SET SQL_MODE = "NO_AUTO_VALUE_ON_ZERO";
START TRANSACTION;
SET time_zone = "+00:00";


/*!40101 SET @OLD_CHARACTER_SET_CLIENT=@@CHARACTER_SET_CLIENT */;
/*!40101 SET @OLD_CHARACTER_SET_RESULTS=@@CHARACTER_SET_RESULTS */;
/*!40101 SET @OLD_COLLATION_CONNECTION=@@COLLATION_CONNECTION */;
/*!40101 SET NAMES utf8mb4 */;

--
-- 資料庫： `final-1`
--

-- --------------------------------------------------------

--
-- 資料表結構 `f_like`
--

CREATE TABLE `f_like` (
  `f_like_id` int NOT NULL,
  `f_message_id` int NOT NULL,
  `f_member_id` int DEFAULT NULL
) ENGINE=InnoDB DEFAULT CHARSET=utf8mb4 COLLATE=utf8mb4_general_ci;

--
-- 傾印資料表的資料 `f_like`
--

INSERT INTO `f_like` (`f_like_id`, `f_message_id`, `f_member_id`) VALUES
(52, 41, 23),
(53, 41, 45),
(54, 41, 12),
(55, 41, 34),
(56, 42, 15),
(57, 42, 27),
(58, 42, 38),
(59, 42, 49),
(60, 43, 11),
(61, 43, 22),
(62, 43, 33),
(63, 43, 44),
(64, 44, 16),
(65, 44, 28),
(66, 44, 39),
(67, 44, 50),
(68, 45, 13),
(69, 45, 25),
(70, 58, 37),
(71, 36, 48),
(72, 54, 14),
(73, 74, 26),
(74, 85, 35),
(75, 86, 47),
(76, 97, 17),
(77, 47, 29),
(78, 47, 40),
(79, 47, 46),
(80, 48, 18),
(81, 48, 30),
(82, 48, 41),
(83, 48, 43),
(84, 49, 19),
(85, 49, 31),
(86, 49, 42),
(87, 49, 45),
(88, 50, 20),
(89, 50, 32),
(90, 50, 43),
(91, 50, 44),
(92, 51, 21),
(93, 51, 33),
(94, 51, 44),
(95, 51, 45),
(96, 52, 22),
(97, 52, 34),
(98, 52, 45),
(99, 52, 46),
(100, 53, 23),
(101, 53, 35),
(102, 53, 46),
(103, 53, 47),
(104, 54, 24),
(105, 54, 36),
(106, 54, 47),
(107, 54, 48),
(108, 55, 25),
(109, 55, 37),
(110, 55, 48),
(111, 55, 49),
(112, 56, 26),
(113, 56, 38),
(114, 56, 49),
(115, 56, 50),
(116, 57, 27),
(117, 57, 39),
(118, 57, 50),
(119, 57, 1),
(120, 58, 28),
(121, 58, 40),
(122, 58, 1),
(123, 58, 2),
(124, 59, 29),
(125, 59, 41),
(126, 59, 2),
(127, 59, 3),
(128, 60, 30),
(129, 60, 42),
(130, 60, 3),
(131, 60, 4),
(132, 41, 5),
(133, 42, 6),
(134, 43, 7),
(135, 44, 8),
(136, 45, 9),
(137, 46, 10),
(138, 47, 11),
(139, 48, 12),
(140, 49, 13),
(141, 50, 14),
(142, 51, 15),
(143, 52, 16),
(144, 53, 17),
(145, 54, 18),
(146, 55, 19),
(147, 56, 20),
(148, 57, 21),
(149, 58, 22),
(150, 59, 23),
(151, 60, 24),
(154, 47, 51),
(160, 10, 51),
(161, 2, 51),
(162, 5, 51),
(179, 21, 51),
(183, 23, 51),
(192, 38, 51),
(196, 28, 51),
(201, 20, 51),
(207, 19, 51),
(219, 25, 51),
(221, 24, 51),
(266, 75, 51),
(268, 73, 51),
(269, 68, 51),
(295, 71, 51),
(301, 59, 51),
(304, 57, 51),
(306, 37, 51),
(307, 32, 51),
(308, 31, 51),
(309, 52, 51),
(310, 55, 51),
(311, 35, 51),
(312, 36, 51),
(313, 33, 51),
(314, 30, 51),
(315, 29, 51),
(316, 92, 51),
(317, 70, 51),
(318, 76, 51),
(319, 79, 51),
(320, 77, 51),
(321, 89, 51),
(323, 84, 51);

-- --------------------------------------------------------

--
-- 資料表結構 `f_message`
--

CREATE TABLE `f_message` (
  `f_message_id` int NOT NULL,
  `f_project_id` int DEFAULT NULL,
  `f_member_id` int DEFAULT NULL,
  `f_sale` tinyint(1) NOT NULL,
  `f_message_floor` int NOT NULL DEFAULT '0',
  `f_message_title` varchar(30) CHARACTER SET utf8mb4 COLLATE utf8mb4_general_ci DEFAULT NULL,
  `f_message_content` varchar(100) CHARACTER SET utf8mb4 COLLATE utf8mb4_general_ci DEFAULT NULL,
  `f_message_current` timestamp NOT NULL DEFAULT CURRENT_TIMESTAMP
) ENGINE=InnoDB DEFAULT CHARSET=utf8mb4 COLLATE=utf8mb4_general_ci;

--
-- 傾印資料表的資料 `f_message`
--

INSERT INTO `f_message` (`f_message_id`, `f_project_id`, `f_member_id`, `f_sale`, `f_message_floor`, `f_message_title`, `f_message_content`, `f_message_current`) VALUES
(1, 1, 1, 0, 1, '商品庫存查詢', '請問商品什麼時候會到貨呢??', '2024-11-18 12:04:27'),
(2, 1, 2, 1, 1, '客服回覆', '您好，預計下週三到貨', '2024-02-01 07:00:00'),
(3, 1, 3, 0, 2, '等待商品', '我也在等這個商品！', '2024-02-01 07:30:00'),
(4, 1, 4, 0, 3, '商品需求', '希望可以增加更多顏色選擇', '2024-02-01 08:00:00'),
(5, 1, 9, 1, 2, '客服回覆', '謝謝支持', '2024-11-08 03:18:59'),
(6, 1, 8, 1, 3, '客服回覆', '收到你的願望~', '2024-11-08 03:32:46'),
(7, 1, 6, 0, 4, '付款方式', '可以用信用卡分期嗎？', '2024-11-08 03:32:46'),
(8, 1, 7, 1, 4, '客服回覆', '是的，可以分3.6.12期', '2024-11-08 03:32:46'),
(9, 1, 10, 0, 6, '商品規格', '請問尺寸表在哪裡可以看到？', '2024-11-08 03:32:46'),
(10, 1, 20, 0, 0, '非常快', '很快就收到了!!', '2024-11-08 06:48:06'),
(17, 1, 1, 0, 7, '353', '383', '2024-11-18 12:04:31'),
(18, 1, 123, 0, 8, '配送時間查詢', '我下單後多久可以收到商品？', '2024-11-19 03:53:22'),
(19, 1, 124, 0, 9, '更改配送地址', '我可以更改已下訂單的配送地址嗎？', '2024-11-19 03:53:22'),
(20, 2, 125, 0, 10, '退換貨服務', '如果商品有問題，我可以退換貨嗎？', '2024-11-19 03:53:22'),
(21, 2, 126, 0, 11, '付款方式說明', '我可以使用哪些付款方式？', '2024-11-19 03:53:22'),
(22, 3, 127, 0, 12, '付款失敗原因', '為什麼我的訂單顯示付款失敗？', '2024-11-19 03:53:22'),
(23, 3, 128, 0, 13, '包裹未收到', '我的包裹顯示已送達，但我沒有收到？', '2024-11-19 03:53:22'),
(24, 4, 129, 0, 14, '密碼重設方式', '我的會員帳號密碼忘記了，怎麼辦？', '2024-11-19 03:53:22'),
(25, 4, 130, 0, 15, '商品庫存狀態', '這個商品有現貨嗎？', '2024-11-19 03:53:22'),
(26, 5, 131, 0, 16, '商品保固問題', '你們的商品有保固嗎？', '2024-11-19 03:53:22'),
(27, 5, 132, 0, 17, '優惠碼無法使用', '為什麼我的優惠碼無法使用？', '2024-11-19 03:53:22'),
(28, 6, 133, 0, 18, '商品延遲問題', '商品出貨是否會有延遲？', '2024-11-19 03:53:22'),
(29, 6, 134, 0, 19, '包裹破損', '收到的包裹有損壞怎麼辦？', '2024-11-19 03:53:22'),
(30, 7, 135, 0, 20, '物流更新緩慢', '為什麼物流狀態一直沒更新？', '2024-11-19 03:53:22'),
(31, 7, 136, 0, 21, '發票索取', '可以提供電子發票嗎？', '2024-11-19 03:53:22'),
(32, 8, 137, 0, 22, '退貨流程問題', '退貨流程需要多久？', '2024-11-19 03:53:22'),
(33, 8, 138, 0, 23, '商品是否可預購', '這個商品目前缺貨，可以預購嗎？', '2024-11-19 03:53:22'),
(34, 9, 139, 0, 24, '商品說明不符', '商品內容和描述不一致怎麼辦？', '2024-11-19 03:53:22'),
(35, 9, 140, 0, 25, '促銷活動詳情', '目前有哪些促銷活動？', '2024-11-19 03:53:22'),
(36, 10, 141, 0, 26, '訂單取消問題', '我可以取消訂單嗎？', '2024-11-19 03:53:22'),
(37, 10, 142, 0, 27, '寄送地區限制', '可以配送到海外嗎？', '2024-11-19 03:53:22'),
(38, 11, 143, 0, 28, '運費計算問題', '訂單金額達免運門檻嗎？', '2024-11-19 03:53:22'),
(39, 11, 144, 0, 29, '客服聯繫方式', '如何直接聯繫客服？', '2024-11-19 03:53:22'),
(40, 12, 145, 0, 30, '包裝環保問題', '商品包裝是否使用環保材料？', '2024-11-19 03:53:22'),
(41, 12, 146, 0, 31, '商品型號選擇', '我該怎麼選擇適合我的商品型號？', '2024-11-19 03:53:22'),
(42, 13, 147, 0, 32, '保固延長方案', '商品有提供延長保固的選項嗎？', '2024-11-19 03:53:22'),
(43, 13, 148, 0, 33, '換貨流程問題', '換貨需要多久時間？', '2024-11-19 03:53:22'),
(44, 14, 149, 0, 34, '付款資訊修改', '我可以修改付款方式嗎？', '2024-11-19 03:53:22'),
(45, 14, 150, 0, 35, '促銷碼使用限制', '為什麼促銷碼不適用於我的訂單？', '2024-11-19 03:53:22'),
(46, 15, 151, 0, 36, '訂單確認問題', '我如何確認訂單已成功下單？', '2024-11-19 03:53:22'),
(47, 15, 152, 0, 37, '退款方式問題', '退款會退到哪個帳戶？', '2024-11-19 03:53:22'),
(48, 16, 153, 0, 38, '折扣活動期限', '折扣活動到什麼時候結束？', '2024-11-19 03:53:22'),
(49, 16, 154, 0, 39, '客服回覆時間', '客服回覆需要多久？', '2024-11-19 03:53:22'),
(50, 17, 155, 0, 40, '會員權益問題', '會員有哪些購物優惠？', '2024-11-19 03:53:22'),
(51, 17, 156, 0, 41, '庫存變動問題', '為什麼商品突然顯示缺貨？', '2024-11-19 03:53:22'),
(52, 18, 157, 0, 42, '訂單狀態查詢', '我的訂單目前處於什麼狀態？', '2024-11-19 03:53:22'),
(53, 18, 158, 0, 43, '物流配送偏遠地區', '偏遠地區配送需要加收費用嗎？', '2024-11-19 03:53:22'),
(54, 19, 159, 0, 44, '包裹追蹤問題', '可以提供包裹的追蹤碼嗎？', '2024-11-19 03:53:22'),
(55, 19, 160, 0, 45, '生日禮優惠', '會員生日是否有折扣優惠？', '2024-11-19 03:53:22'),
(56, 20, 161, 0, 46, '售後服務問題', '售後服務包括哪些內容？', '2024-11-19 03:53:22'),
(57, 20, 162, 0, 47, '平台優惠券', '平台優惠券怎麼使用？', '2024-11-19 03:53:22'),
(58, 21, 163, 0, 48, '折扣活動重疊', '促銷活動是否能與優惠碼同時使用？', '2024-11-19 03:53:22'),
(59, 21, 164, 0, 49, '換貨產品有損壞', '換貨的商品有損壞怎麼處理？', '2024-11-19 03:53:22'),
(60, 22, 165, 0, 50, '帳戶註冊問題', '為什麼我的帳戶註冊不成功？', '2024-11-19 03:53:22'),
(61, 22, 166, 0, 51, '付款未成功重試', '付款失敗後可以重新付款嗎？', '2024-11-19 03:53:22'),
(62, 23, 167, 0, 52, '會員專屬禮品', '是否提供會員專屬贈品？', '2024-11-19 03:53:22'),
(63, 23, 168, 0, 53, '分期付款選項', '商品可以分期付款嗎？', '2024-11-19 03:53:22'),
(64, 24, 169, 0, 54, '促銷碼錯誤原因', '促銷碼顯示無效怎麼辦？', '2024-11-19 03:53:22'),
(65, 24, 170, 0, 55, '換貨與退貨', '退貨的商品可以直接換貨嗎？', '2024-11-19 03:53:22'),
(66, 25, 171, 0, 56, '物流派送問題', '物流派送時間可以更改嗎？', '2024-11-19 03:53:22'),
(67, 25, 172, 0, 57, '包裹送錯地址', '包裹送到錯誤的地址怎麼辦？', '2024-11-19 03:53:22'),
(68, 1, 143, 0, 8, '專輯版本差異', '請問這張專輯的普通版和限量版有什麼差異？限量版的內容是否包含額外的照片卡、海報或者其他特別贈品呢？另外，這兩個版本的價格差異是什麼？', '2024-11-19 08:13:12'),
(69, 1, 144, 0, 9, '專輯內附內容', '這張專輯是否附贈歌詞本或其他周邊商品？例如，是否會附上專輯製作時的幕後照片、歌手的手寫信件或特別感謝卡？', '2024-11-19 08:13:12'),
(70, 2, 145, 0, 10, '專輯預購問題', '如果我選擇專輯預購，是否會收到預購專屬的贈品，例如特製海報或限量簽名卡片？預購的截止日期和送貨日期分別是什麼時候？', '2024-11-19 08:13:12'),
(71, 2, 146, 0, 11, '簽名專輯供應', '商城是否有簽名版的專輯可以購買？如果有，簽名版的數量有限嗎？是否需要透過抽籤或其他方式才能獲得？', '2024-11-19 08:13:12'),
(73, 3, 148, 0, 13, '專輯損壞問題', '如果收到的專輯封面有損壞或內容不完整，例如歌詞本缺頁或海報損壞，我應該如何處理？客服會提供換貨嗎？', '2024-11-19 08:13:12'),
(74, 4, 149, 0, 14, '專輯配送時間', '專輯訂購後的配送時間大約需要多久？如果我的住址在偏遠地區，是否會需要額外的配送時間或運費？', '2024-11-19 08:13:12'),
(75, 4, 150, 0, 15, '限量專輯補貨', '如果限量版專輯已經售罄，是否還會補貨？或者商城是否會開放第二輪預購的機會？', '2024-11-19 08:13:12'),
(76, 5, 151, 0, 16, '專輯付款方式', '請問購買專輯時可以使用哪些付款方式？是否接受信用卡分期付款或第三方支付平台例如 PayPal？', '2024-11-19 08:13:12'),
(77, 5, 152, 0, 17, '專輯預購贈品', '預購專輯時，贈品是否保證一定會有？如果贈品數量有限，是否會按照下單的先後順序進行分配？', '2024-11-19 08:13:12'),
(78, 6, 153, 0, 18, '專輯回饋活動', '購買專輯是否會參加回饋活動？例如，是否有機會獲得演唱會門票、與歌手的線上見面會或其他特別活動資格？', '2024-11-19 08:13:12'),
(79, 6, 154, 0, 19, '專輯海報尺寸', '專輯內附的海報尺寸大約是多少？是否有提供多種版本的海報可供選擇？另外，海報是否會隨專輯一起寄送還是另行配送？', '2024-11-19 08:13:12'),
(80, 7, 155, 0, 20, '專輯折扣資訊', '目前購買專輯是否有任何折扣活動？例如，是否有滿額折扣、購買多張專輯的優惠或特價促銷活動？', '2024-11-19 08:13:12'),
(81, 7, 156, 0, 21, '專輯歌詞本內容', '專輯內附的歌詞本是否包含每首歌曲的製作資訊，例如作詞、作曲和編曲的詳細內容？是否還有附加的歌手感言或創作心得？', '2024-11-19 08:13:12'),
(82, 8, 157, 0, 22, '專輯預購資格', '預購專輯時是否需要成為會員才有資格購買？如果不是會員，有其他方式可以參與預購嗎？', '2024-11-19 08:13:12'),
(83, 8, 158, 0, 23, '專輯限購規則', '每個會員或地址是否有購買數量限制？如果我使用不同的帳號下單，是否可以購買多於限購數量的專輯？', '2024-11-19 08:13:12'),
(84, 9, 159, 0, 24, '專輯活動優惠', '購買專輯是否能參加商城的其他促銷活動，例如贈送積分、購物券或其他活動獎勵？', '2024-11-19 08:13:12'),
(85, 9, 160, 0, 25, '專輯的實體質感', '這張專輯的包裝質感如何？是否使用硬殼包裝？內頁設計是否採用高質感的紙材或其他特殊印刷技術？', '2024-11-19 08:13:12'),
(86, 10, 161, 0, 26, '專輯配件維修', '如果專輯內附的配件，例如 CD 或 USB 有問題，例如無法播放或讀取，我是否可以申請維修或更換？', '2024-11-19 08:13:12'),
(87, 10, 162, 0, 27, '專輯收藏建議', '專輯是否有特別適合收藏的特點，例如限量序號、特殊包裝或獨家內容？這些特點是否適合收藏？', '2024-11-19 08:13:12'),
(88, 11, 163, 0, 28, '專輯購買資格', '某些限量版專輯是否需要特定資格才能購買，例如需要參加抽籤或其他活動？如果需要，我該如何參加？', '2024-11-19 08:13:12'),
(89, 11, 164, 0, 29, '專輯售後服務', '購買專輯後是否提供售後服務，例如協助修復專輯包裝或解決光碟播放問題？如果提供，應該如何聯繫客服？', '2024-11-19 08:13:12'),
(90, 12, 165, 0, 30, '專輯歌手簽名', '專輯內的簽名是印刷簽名還是親筆簽名？如果是親筆簽名，是否會提供簽名認證？', '2024-11-19 08:13:12'),
(91, 12, 166, 0, 31, '專輯發行日期', '專輯的正式發行日期是什麼時候？如果我在預購期間下單，專輯是否會在發行當天寄送？', '2024-11-19 08:13:12'),
(92, 13, 167, 0, 32, '專輯版本價格', '這張專輯的不同版本是否有明確的價格區分？如果是，這些價格包含的內容是否會有顯著差異？', '2024-11-19 08:13:12'),
(93, 13, 168, 0, 33, '專輯語言版本', '這張專輯是否有提供多種語言版本，例如中文版或英文版？如果有，是否可以選擇想要的版本下單？', '2024-11-19 08:13:12'),
(94, 14, 169, 0, 34, '專輯配送到海外', '專輯是否可以配送到海外？如果可以，海外配送的運費和配送時間大約是多少？是否有特別的限制？', '2024-11-19 08:13:12'),
(95, 14, 170, 0, 35, '專輯庫存查詢', '如果我想購買的專輯目前顯示庫存不足，是否可以查詢下一批到貨的時間？我需要等待多久？', '2024-11-19 08:13:12'),
(96, 15, 171, 0, 36, '專輯數位下載', '專輯是否有提供數位版下載？如果有，購買實體專輯是否會附送數位專輯的下載碼？', '2024-11-19 08:13:12'),
(97, 15, 172, 0, 37, '專輯周邊追加', '購買專輯後，是否可以額外購買相同主題的周邊商品，例如T恤、徽章或其他限定品？', '2024-11-19 08:13:12');

-- --------------------------------------------------------

--
-- 資料表結構 `f_music_playlist`
--

CREATE TABLE `f_music_playlist` (
  `music_id` int NOT NULL,
  `f_project_id` int NOT NULL,
  `title` varchar(100) CHARACTER SET utf8mb4 COLLATE utf8mb4_general_ci NOT NULL,
  `artist` varchar(100) CHARACTER SET utf8mb4 COLLATE utf8mb4_general_ci NOT NULL,
  `url` varchar(255) CHARACTER SET utf8mb4 COLLATE utf8mb4_general_ci NOT NULL,
  `cover` varchar(255) CHARACTER SET utf8mb4 COLLATE utf8mb4_general_ci NOT NULL,
  `created_at` timestamp NULL DEFAULT CURRENT_TIMESTAMP
) ENGINE=InnoDB DEFAULT CHARSET=utf8mb4 COLLATE=utf8mb4_general_ci;

--
-- 傾印資料表的資料 `f_music_playlist`
--

INSERT INTO `f_music_playlist` (`music_id`, `f_project_id`, `title`, `artist`, `url`, `cover`, `created_at`) VALUES
(1, 1, '夜曲', '周杰倫', '/Liam/music/01/01.mp3', '/Liam/01/01.jpg', '2024-11-13 03:12:35'),
(2, 1, '告白氣球', '周杰倫', '/Liam/music/01/02.mp3', '/Liam/01/02.jpg', '2024-11-13 03:12:35'),
(3, 1, '說好不哭', '周杰倫', '/Liam/music/01/03.mp3', '/Liam/01/03.jpg', '2024-11-13 03:12:35'),
(4, 1, '晴天', '周杰倫', '/Liam/music/01/04.mp3', '/Liam/01/04.jpg', '2024-11-13 03:12:35'),
(5, 1, '稻香', '周杰倫', '/Liam/music/01/05.mp3', '/Liam/01/06.jpg', '2024-11-13 03:12:35');

-- --------------------------------------------------------

--
-- 資料表結構 `f_news`
--

CREATE TABLE `f_news` (
  `f_news_id` int NOT NULL,
  `f_project_id` int NOT NULL,
  `f_news_picture` varchar(50) CHARACTER SET utf8mb4 COLLATE utf8mb4_general_ci NOT NULL,
  `f_news_title` varchar(30) CHARACTER SET utf8mb4 COLLATE utf8mb4_general_ci NOT NULL,
  `f_news_content` varchar(30) CHARACTER SET utf8mb4 COLLATE utf8mb4_general_ci NOT NULL,
  `f_news_detail` varchar(200) CHARACTER SET utf8mb4 COLLATE utf8mb4_general_ci NOT NULL,
  `f_news_current` timestamp NOT NULL DEFAULT CURRENT_TIMESTAMP
) ENGINE=InnoDB DEFAULT CHARSET=utf8mb4 COLLATE=utf8mb4_general_ci;

--
-- 傾印資料表的資料 `f_news`
--

INSERT INTO `f_news` (`f_news_id`, `f_project_id`, `f_news_picture`, `f_news_title`, `f_news_content`, `f_news_detail`, `f_news_current`) VALUES
(1, 1, '/Liam/01/01.jpg', '集資計畫達標！', '感謝大家支持，我們達成目標！', '親愛的贊助者們：\r\n感謝大家對本次專輯集資的熱情支持，讓我們順利達標！目前已經進入製作階段，預計三月底前可以開始出貨。', '2024-11-08 02:08:26'),
(2, 1, '/Liam/01/02.jpg', '實體專輯製作進度報告', '專輯製作進度超前，即將完工。', '目前專輯製作進度：\r\n1. 母帶後製完成度90%\r\n2. 包裝設計定稿完成\r\n3. 寫真書拍攝順利結束\r\n預計下週進入印刷階段。', '2024-11-08 02:08:26'),
(3, 1, '/Liam/01/03.jpg', '預購特典追加公告', '特別加碼，預購多送限定小卡。', '因為大家熱情支持，我們決定加碼回饋：\r\n1. 預購即送限定款小卡\r\n2. 前100名贈簽名拍立得\r\n3. 抽選20名參加線上見面會', '2024-11-08 02:08:26'),
(4, 1, '/Liam/01/04.jpg', '集資計畫達標！', '感謝大家支持，我們達成目標！', '親愛的贊助者們：\r\n感謝大家對本次專輯集資的熱情支持，讓我們順利達標！目前已經進入製作階段，預計三月底前可以開始出貨。', '2024-11-08 02:08:50'),
(5, 1, '/Liam/01/05.jpg', '實體專輯製作進度報告', '專輯製作進度超前，即將完工。', '目前專輯製作進度：\r\n1. 母帶後製完成度90%\r\n2. 包裝設計定稿完成\r\n3. 寫真書拍攝順利結束\r\n預計下週進入印刷階段。', '2024-11-08 02:08:50'),
(6, 1, '/Liam/01/06.jpg', '預購特典追加公告', '特別加碼，預購多送限定小卡。', '因為大家熱情支持，我們決定加碼回饋：\r\n1. 預購即送限定款小卡\r\n2. 前100名贈簽名拍立得\r\n3. 抽選20名參加線上見面會', '2024-11-08 02:08:50'),
(7, 1, '/Liam/01/07.jpg', '集資計畫達標！', '感謝大家支持，我們達成目標！', '親愛的贊助者們：\r\n感謝大家對本次專輯集資的熱情支持，讓我們順利達標！目前已經進入製作階段，預計三月底前可以開始出貨。', '2024-11-08 02:09:13'),
(8, 1, '/Liam/01/02.jpg', '實體專輯製作進度報告', '專輯製作進度超前，即將完工。', '目前專輯製作進度：\r\n1. 母帶後製完成度90%\r\n2. 包裝設計定稿完成\r\n3. 寫真書拍攝順利結束\r\n預計下週進入印刷階段。', '2024-11-08 02:09:13'),
(9, 1, '/Liam/01/01.jpg', '預購特典追加公告', '特別加碼，預購多送限定小卡。', '因為大家熱情支持，我們決定加碼回饋：\r\n1. 預購即送限定款小卡\r\n2. 前100名贈簽名拍立得\r\n3. 抽選20名參加線上見面會', '2024-11-08 02:09:13');

-- --------------------------------------------------------

--
-- 資料表結構 `f_order`
--

CREATE TABLE `f_order` (
  `f_order_id` int NOT NULL,
  `f_member_id` int NOT NULL,
  `f_total_amount` decimal(10,2) NOT NULL,
  `f_order_status` enum('pending','paid','cancelled') DEFAULT 'pending',
  `f_payment_method` varchar(50) DEFAULT NULL,
  `f_created_at` timestamp NULL DEFAULT CURRENT_TIMESTAMP,
  `f_updated_at` timestamp NULL DEFAULT CURRENT_TIMESTAMP ON UPDATE CURRENT_TIMESTAMP
) ENGINE=InnoDB DEFAULT CHARSET=utf8mb4 COLLATE=utf8mb4_0900_ai_ci;

--
-- 傾印資料表的資料 `f_order`
--

INSERT INTO `f_order` (`f_order_id`, `f_member_id`, `f_total_amount`, `f_order_status`, `f_payment_method`, `f_created_at`, `f_updated_at`) VALUES
(1, 1, 2000.00, 'pending', NULL, '2024-11-19 02:22:50', '2024-11-19 02:22:50'),
(2, 1, 5000.00, 'pending', NULL, '2024-11-19 02:27:47', '2024-11-19 02:27:47'),
(3, 1, 1000.00, 'pending', NULL, '2024-11-19 02:32:08', '2024-11-19 02:32:08'),
(4, 1, 1000.00, 'pending', NULL, '2024-11-19 02:32:57', '2024-11-19 02:32:57'),
(5, 1, 3000.00, 'pending', NULL, '2024-11-19 02:36:10', '2024-11-19 02:36:10'),
(6, 1, 3500.00, 'pending', NULL, '2024-11-19 02:37:37', '2024-11-19 02:37:37'),
(7, 1, 1000.00, 'pending', NULL, '2024-11-19 05:16:48', '2024-11-19 05:16:48'),
(8, 1, 3500.00, 'pending', NULL, '2024-11-19 07:22:59', '2024-11-19 07:22:59'),
(9, 1, 1000.00, 'pending', NULL, '2024-11-19 12:54:11', '2024-11-19 12:54:11');

-- --------------------------------------------------------

--
-- 資料表結構 `f_order_detail`
--

CREATE TABLE `f_order_detail` (
  `f_detail_id` int NOT NULL,
  `f_order_id` int NOT NULL,
  `f_plan_id` int NOT NULL,
  `f_project_list` int NOT NULL,
  `f_quantity` int NOT NULL,
  `f_price` decimal(10,2) NOT NULL,
  `f_subtotal` decimal(10,2) NOT NULL
) ENGINE=InnoDB DEFAULT CHARSET=utf8mb4 COLLATE=utf8mb4_0900_ai_ci;

--
-- 傾印資料表的資料 `f_order_detail`
--

INSERT INTO `f_order_detail` (`f_detail_id`, `f_order_id`, `f_plan_id`, `f_project_list`, `f_quantity`, `f_price`, `f_subtotal`) VALUES
(1, 1, 1, 1, 2, 1000.00, 2000.00),
(2, 2, 2, 1, 2, 2500.00, 5000.00),
(3, 3, 1, 1, 1, 1000.00, 1000.00),
(4, 4, 1, 1, 1, 1000.00, 1000.00),
(5, 5, 1, 1, 3, 1000.00, 3000.00),
(6, 6, 1, 1, 1, 1000.00, 1000.00),
(7, 6, 2, 1, 1, 2500.00, 2500.00),
(8, 7, 1, 1, 1, 1000.00, 1000.00),
(9, 8, 1, 1, 1, 1000.00, 1000.00),
(10, 8, 2, 1, 1, 2500.00, 2500.00),
(11, 9, 1, 1, 1, 1000.00, 1000.00);

-- --------------------------------------------------------

--
-- 資料表結構 `f_picture`
--

CREATE TABLE `f_picture` (
  `f_picture_id` int NOT NULL,
  `f_project_id` int DEFAULT NULL,
  `f_picture_file` varchar(100) CHARACTER SET utf8mb4 COLLATE utf8mb4_general_ci DEFAULT NULL,
  `f_picture_current` timestamp NOT NULL DEFAULT CURRENT_TIMESTAMP
) ENGINE=InnoDB DEFAULT CHARSET=utf8mb4 COLLATE=utf8mb4_general_ci;

--
-- 傾印資料表的資料 `f_picture`
--

INSERT INTO `f_picture` (`f_picture_id`, `f_project_id`, `f_picture_file`, `f_picture_current`) VALUES
(1, 1, '/Liam/01/kv1.jpg', '2024-11-07 10:56:44'),
(2, 1, '/Liam/01/kv2.jpg', '2024-11-07 10:59:33');

-- --------------------------------------------------------

--
-- 資料表結構 `f_plan`
--

CREATE TABLE `f_plan` (
  `f_plan_id` int NOT NULL,
  `f_project_list` int NOT NULL,
  `f_plan_name` varchar(30) CHARACTER SET utf8mb4 COLLATE utf8mb4_general_ci DEFAULT NULL,
  `f_plan_picture` varchar(100) CHARACTER SET utf8mb4 COLLATE utf8mb4_general_ci DEFAULT NULL,
  `f_plan_title` varchar(30) CHARACTER SET utf8mb4 COLLATE utf8mb4_general_ci DEFAULT NULL,
  `f_plan_content` varchar(100) CHARACTER SET utf8mb4 COLLATE utf8mb4_general_ci DEFAULT NULL,
  `f_plan_amount` varchar(100) CHARACTER SET utf8mb4 COLLATE utf8mb4_general_ci DEFAULT NULL,
  `f_plan_people` int DEFAULT NULL,
  `f_plan_current` timestamp NOT NULL DEFAULT CURRENT_TIMESTAMP
) ENGINE=InnoDB DEFAULT CHARSET=utf8mb4 COLLATE=utf8mb4_general_ci;

--
-- 傾印資料表的資料 `f_plan`
--

INSERT INTO `f_plan` (`f_plan_id`, `f_project_list`, `f_plan_name`, `f_plan_picture`, `f_plan_title`, `f_plan_content`, `f_plan_amount`, `f_plan_people`, `f_plan_current`) VALUES
(1, 1, '基礎支持方案', '/Liam/01/05.jpg', 'Neon Dreams 數位專輯', '獲得完整數位專輯下載連結，以及特別收錄的創作故事。', '1000', 18, '2024-11-19 12:54:11'),
(2, 1, '實體專輯方案', '	\r\n/Liam/01/06.jpg', 'Neon Dreams 實體專輯限定版', '獲得精美包裝的實體專輯，內含：\r\n- 精裝實體CD\r\n- 32頁寫真歌詞本\r\n- 限定版明信片組\r\n- 數位專輯下載連結', '2500', 6, '2024-11-19 07:22:59'),
(3, 1, '超級贊助方案', '/Liam/01/07.jpg', 'Neon Dreams 典藏限定套組', '獲得最完整的支持者套組，內含：\r\n- 簽名實體專輯\r\n- 大型寫真海報\r\n- 限量編號紀念證書\r\n- 贊助者名字收錄於專輯特別感謝頁面\r\n- 線上創作分享會參與資格\r\n- 數位專輯下載連結', '5000', 10, '2024-11-07 03:47:04'),
(4, 2, '基礎支持方案', '/Liam/01/05.jpg', 'Neon Dreams 數位專輯', '獲得完整數位專輯下載連結，以及特別收錄的創作故事。', '1000', 3, '2024-11-09 03:32:10'),
(5, 2, '實體專輯方案', '/Liam/01/06.jpg', 'Neon Dreams 實體專輯限定版', '獲得精美製作的實體專輯，內含：\n- 精美寫真CD\n- 32頁寫真歌詞本\n- 限定版明信片組', '2500', 2, '2024-11-09 03:32:10'),
(6, 2, '超級贊助方案', '/Liam/01/07.jpg', 'Neon Dreams 典藏限定套組', '獲得最完整的支持者套組，內含：\n- 簽名實體專輯\n- 大型寫真海報\n- 限量編號紀念證書', '2000', 10, '2024-11-09 03:32:10'),
(7, 3, '基礎支持方案', '/Liam/01/08.jpg', 'Ocean Waves 數位版', '獲得完整數位專輯下載連結。', '1000', 5, '2024-11-09 03:32:10'),
(8, 3, '精選套組', '/Liam/01/09.jpg', 'Ocean Waves 精選限量版', '包含數位下載、實體CD和限量海報。', '2000', 3, '2024-11-09 03:32:10'),
(9, 4, '基礎支持方案', '/Liam/01/10.jpg', 'Urban Stories 數位版', '完整數位專輯下載。', '1500', 8, '2024-11-09 03:32:10'),
(10, 4, '典藏版套組', '/Liam/01/11.jpg', 'Urban Stories 典藏版', '實體專輯、限量周邊和簽名海報。', '3500', 4, '2024-11-09 03:32:10'),
(11, 5, '基礎支持方案', '/Liam/01/12.jpg', 'Electric Dreams 數位專輯', '獲得完整數位專輯下載連結，以及特別收錄的創作故事。', '1000', 3, '2024-11-18 02:10:13'),
(12, 5, '實體專輯方案', '/Liam/01/13.jpg', 'Electric Dreams 實體專輯限定版', '獲得精美包裝的實體專輯，內容：\n- 精裝實體CD\n- 32頁寫真歌詞本\n- 限定版明信片組', '2500', 2, '2024-11-18 02:10:13'),
(13, 5, '超級贊助方案', '/Liam/01/14.jpg', 'Electric Dreams 典藏限定套組', '獲得最完整的支持者套組，內容：\n- 簽名實體專輯\n- 大型寫真海報\n- 限量編號紀念證書', '5000', 10, '2024-11-18 02:10:13'),
(14, 6, '基礎支持方案', '/Liam/01/15.jpg', 'Crystal Dreams 數位專輯', '獲得完整數位專輯下載連結，精選音樂故事集。', '1200', 4, '2024-11-18 02:10:13'),
(15, 6, '實體專輯方案', '/Liam/01/16.jpg', 'Crystal Dreams 實體專輯豪華版', '獲得精裝實體專輯套組，包含：\n- 精裝CD\n- 40頁寫真集\n- 限量貼紙組', '2800', 3, '2024-11-18 02:10:13'),
(16, 6, '典藏限定方案', '/Liam/01/17.jpg', 'Crystal Dreams 收藏家版', '獲得完整收藏版套組，包含：\n- 簽名實體專輯\n- 獨家音樂盒\n- 限量編號證書', '4500', 8, '2024-11-18 02:10:13'),
(17, 7, '基礎方案', '/Liam/01/18.jpg', 'Sonic Waves 數位版', '完整數位專輯下載，獨家音軌。', '1000', 5, '2024-11-18 02:10:13'),
(18, 7, '進階支持方案', '/Liam/01/19.jpg', 'Sonic Waves 特別版', '實體專輯套組，內含：\n- 精裝CD\n- 寫真集\n- 創作筆記', '2500', 4, '2024-11-18 02:10:13'),
(19, 7, '完整收藏方案', '/Liam/01/20.jpg', 'Sonic Waves 珍藏版', '限量典藏套組：\n- 簽名專輯\n- 創作手稿\n- 限量週邊', '4000', 6, '2024-11-18 02:10:13'),
(20, 8, '數位支持方案', '/Liam/01/21.jpg', 'Dream Pop 基礎版', '數位專輯下載及特典內容。', '1200', 3, '2024-11-18 02:10:13'),
(21, 8, '實體珍藏方案', '/Liam/01/22.jpg', 'Dream Pop 實體版', '精裝實體專輯，附贈：\n- 精美寫真書\n- 創作故事集\n- 限定貼紙', '2600', 5, '2024-11-18 02:10:13'),
(22, 8, '終極粉絲方案', '/Liam/01/23.jpg', 'Dream Pop 收藏版', '粉絲終極套組：\n- 親筆簽名專輯\n- 大型海報組\n- 限量徽章', '4800', 7, '2024-11-18 02:10:13'),
(23, 9, '基礎支持版', '/Liam/01/24.jpg', 'Night Stories 數位版', '完整數位專輯及花絮影片。', '1100', 4, '2024-11-18 02:10:13'),
(24, 9, '實體特典版', '/Liam/01/25.jpg', 'Night Stories 特典版', '豪華實體套組：\n- 精裝專輯\n- 寫真明信片\n- 創作手記', '2700', 3, '2024-11-18 02:10:13'),
(25, 9, '收藏家版本', '/Liam/01/26.jpg', 'Night Stories 收藏版', '限量典藏組合：\n- 簽名專輯\n- 攝影集\n- 紀念徽章', '4200', 8, '2024-11-18 02:10:13'),
(26, 10, '基礎支持方案', '/Liam/01/27.jpg', 'Blue Moon 數位版', '完整數位專輯下載，獨家音軌及製作花絮。', '1300', 4, '2024-11-18 02:10:13'),
(27, 10, '實體收藏方案', '/Liam/01/28.jpg', 'Blue Moon 實體專輯', '精美實體套組，包含：\n- 精裝CD\n- 32頁寫真集\n- 限定明信片', '2800', 0, '2024-11-18 02:10:13'),
(28, 10, '超級贊助方案', '/Liam/01/29.jpg', 'Blue Moon 典藏版', '完整收藏套組：\n- 親筆簽名專輯\n- 大型海報組\n- 限量紀念品', '4500', 0, '2024-11-18 02:10:13'),
(29, 11, '入門支持版', '/Liam/01/30.jpg', 'Urban Tales 數位專輯', '數位版本下載及特別收錄內容。', '1200', 3, '2024-11-18 02:10:13'),
(30, 11, '豪華實體版', '/Liam/01/31.jpg', 'Urban Tales 實體限定', '豪華限定組合：\n- 實體專輯\n- 創作故事集\n- 精美海報', '2600', 4, '2024-11-18 02:10:13'),
(31, 11, '典藏完整版', '/Liam/01/32.jpg', 'Urban Tales 收藏版', '典藏限量套組：\n- 簽名專輯\n- 寫真集\n- 紀念徽章組', '4800', 7, '2024-11-18 02:10:13'),
(32, 12, '基礎數位版', '/Liam/01/33.jpg', 'Jazz Dreams 數位專輯', '完整數位專輯及創作故事。', '1100', 5, '2024-11-18 02:10:13'),
(33, 12, '精裝實體版', '/Liam/01/34.jpg', 'Jazz Dreams 實體套組', '精裝版內含：\n- 實體CD\n- 爵士音樂集\n- 限定卡片組', '2500', 3, '2024-11-18 02:10:13'),
(34, 12, '收藏家版本', '/Liam/01/35.jpg', 'Jazz Dreams 珍藏版', '珍藏版套組：\n- 簽名專輯\n- 限量黑膠\n- 收藏證書', '5000', 9, '2024-11-18 02:10:13'),
(35, 13, '數位基礎版', '/Liam/01/36.jpg', 'Soul Beats 數位專輯', '數位音樂完整下載版。', '1000', 4, '2024-11-18 02:10:13'),
(36, 13, '實體特典版', '/Liam/01/37.jpg', 'Soul Beats 實體專輯', '特製實體組合：\n- CD專輯\n- 寫真書\n- 創作手記', '2400', 6, '2024-11-18 02:10:13'),
(37, 13, '限量珍藏版', '/Liam/01/38.jpg', 'Soul Beats 收藏版', '限量典藏套組：\n- 簽名專輯\n- 演出票券\n- 限定週邊', '4200', 8, '2024-11-18 02:10:13'),
(38, 14, '基本支持版', '/Liam/01/39.jpg', 'Retro Vibe 數位版', '數位專輯下載及特典。', '1200', 3, '2024-11-18 02:10:13'),
(39, 14, '實體典藏版', '/Liam/01/40.jpg', 'Retro Vibe 實體專輯', '實體收藏組：\n- 精裝CD\n- 復古明信片\n- 寫真小卡', '2700', 5, '2024-11-18 02:10:13'),
(40, 14, '終極收藏版', '/Liam/01/41.jpg', 'Retro Vibe 限定版', '限定大套組：\n- 簽名專輯\n- 復古海報\n- 特製收藏盒', '4600', 7, '2024-11-18 02:10:13'),
(41, 15, '入門支持版', '/Liam/01/42.jpg', 'Future Pop 數位專輯', '完整數位音樂及花絮。', '1300', 4, '2024-11-18 02:10:13'),
(42, 15, '進階收藏版', '/Liam/01/43.jpg', 'Future Pop 實體套組', '豪華套組含：\n- 實體專輯\n- 概念寫真集\n- 限定貼紙', '2900', 6, '2024-11-18 02:10:13'),
(43, 15, '粉絲典藏版', '/Liam/01/44.jpg', 'Future Pop 珍藏版', '粉絲限定組：\n- 簽名專輯\n- 定制手帳\n- 收藏證書', '4800', 9, '2024-11-18 02:10:13'),
(44, 16, '基礎支持版', '/Liam/01/45.jpg', 'Electronic Wave 數位版', '數位專輯下載及製作特輯。', '1100', 3, '2024-11-18 02:10:13'),
(45, 16, '實體套組版', '/Liam/01/46.jpg', 'Electronic Wave 實體專輯', '完整實體組：\n- 精裝專輯\n- 電子音樂指南\n- 特製貼紙', '2500', 5, '2024-11-18 02:10:13'),
(46, 16, '限定典藏版', '/Liam/01/47.jpg', 'Electronic Wave 收藏版', '典藏套組：\n- 簽名專輯\n- 創作筆記本\n- USB特典', '4300', 8, '2024-11-18 02:10:13'),
(47, 17, '數位版本', '/Liam/01/48.jpg', 'Metal Core 數位專輯', '完整數位音樂及幕後花絮。', '1200', 4, '2024-11-18 02:10:13'),
(48, 17, '實體特典版', '/Liam/01/49.jpg', 'Metal Core 實體套組', '特製組合：\n- 實體CD\n- 金屬風海報\n- 主題徽章', '2800', 6, '2024-11-18 02:10:13'),
(49, 17, '終極收藏版', '/Liam/01/50.jpg', 'Metal Core 珍藏版', '珍藏套組：\n- 簽名專輯\n- 皮革收藏盒\n- 限量T恤', '4700', 9, '2024-11-18 02:10:13'),
(50, 18, '基本支持版', '/Liam/01/51.jpg', 'Acoustic Dreams 數位版', '數位音樂完整版本。', '1000', 3, '2024-11-18 02:10:13'),
(51, 18, '實體典藏版', '/Liam/01/52.jpg', 'Acoustic Dreams 實體專輯', '典藏組合：\n- 精裝CD\n- 吉他譜集\n- 寫真明信片', '2400', 5, '2024-11-18 02:10:13'),
(52, 18, '收藏家版本', '/Liam/01/53.jpg', 'Acoustic Dreams 限定版', '限量版：\n- 簽名專輯\n- 原聲帶記事\n- 木質收藏盒', '4500', 7, '2024-11-18 02:10:13'),
(53, 19, '入門支持版', '/Liam/01/54.jpg', 'Rock Fusion 數位專輯', '數位下載版及花絮。', '1300', 4, '2024-11-18 02:10:13'),
(54, 19, '實體收藏版', '/Liam/01/55.jpg', 'Rock Fusion 實體套組', '實體套組：\n- 精裝專輯\n- 融合音樂集\n- 特製票卡', '2600', 6, '2024-11-18 02:10:13'),
(55, 19, '完全收藏版', '/Liam/01/56.jpg', 'Rock Fusion 典藏版', '完整收藏：\n- 簽名專輯\n- 創作全紀錄\n- 限定器材袋', '4800', 8, '2024-11-18 02:10:13'),
(56, 20, '基礎數位版', '/Liam/01/57.jpg', 'Soul Journey 數位專輯', '完整數位音樂集。', '1100', 3, '2024-11-18 02:10:13'),
(57, 20, '精裝實體版', '/Liam/01/58.jpg', 'Soul Journey 實體套組', '精裝版含：\n- 實體CD\n- 靈魂樂誌\n- 收藏卡片', '2700', 5, '2024-11-18 02:10:13'),
(58, 20, '限定珍藏版', '/Liam/01/59.jpg', 'Soul Journey 收藏版', '珍藏組合：\n- 簽名專輯\n- 黑膠唱片\n- 特製耳機', '4900', 10, '2024-11-18 02:10:13'),
(59, 21, '數位專輯版', '/Liam/01/60.jpg', 'Urban Beat 數位版', '數位專輯及製作特輯。', '1200', 4, '2024-11-18 02:10:13'),
(60, 21, '實體限定版', '/Liam/01/61.jpg', 'Urban Beat 實體專輯', '限定組合：\n- 精裝CD\n- 城市音樂誌\n- 藝術明信片', '2500', 6, '2024-11-18 02:10:13'),
(61, 21, '典藏完整版', '/Liam/01/62.jpg', 'Urban Beat 收藏版', '完整收藏：\n- 簽名專輯\n- 限量帽T\n- 城市地圖', '4600', 8, '2024-11-18 02:10:13'),
(62, 22, '基礎支持版', '/Liam/01/63.jpg', 'Jazz Fusion 數位專輯', '數位版本下載權限。', '1000', 3, '2024-11-18 02:10:13'),
(63, 22, '實體特典版', '/Liam/01/64.jpg', 'Jazz Fusion 實體套組', '特典組合：\n- 實體CD\n- 爵士評論集\n- 限定海報', '2300', 5, '2024-11-18 02:10:13'),
(64, 22, '收藏家版本', '/Liam/01/65.jpg', 'Jazz Fusion 典藏版', '典藏套組：\n- 簽名專輯\n- 演奏樂譜\n- 黃銅徽章', '4400', 7, '2024-11-18 02:10:13'),
(65, 23, '基礎版本', '/Liam/01/66.jpg', 'Synthwave 數位專輯', '完整數位音樂及創作花絮。', '1100', 4, '2024-11-18 02:10:13'),
(66, 23, '實體珍藏版', '/Liam/01/67.jpg', 'Synthwave 實體套組', '珍藏組合：\n- 精裝CD\n- 復古風海報\n- 霓虹貼紙組', '2600', 6, '2024-11-18 02:10:13'),
(67, 23, '限量典藏版', '/Liam/01/68.jpg', 'Synthwave 收藏版', '限量套組：\n- 簽名專輯\n- LED展示盒\n- 特製墨鏡', '4700', 8, '2024-11-18 02:10:13'),
(68, 24, '數位入門版', '/Liam/01/69.jpg', 'Dream Rock 數位專輯', '數位音樂完整下載。', '1200', 3, '2024-11-18 02:10:13'),
(69, 24, '實體收藏版', '/Liam/01/70.jpg', 'Dream Rock 實體套組', '精選組合：\n- 實體CD\n- 夢幻寫真集\n- 夜光海報', '2700', 5, '2024-11-18 02:10:13'),
(70, 24, '粉絲典藏版', '/Liam/01/71.jpg', 'Dream Rock 珍藏版', '粉絲套組：\n- 簽名專輯\n- 特製枕套\n- 星空投影燈', '4800', 9, '2024-11-18 02:10:13'),
(71, 25, '基本支持版', '/Liam/01/72.jpg', 'Soul Funk 數位專輯', '數位專輯下載版。', '1300', 4, '2024-11-18 02:10:13'),
(72, 25, '實體特典版', '/Liam/01/73.jpg', 'Soul Funk 實體套組', '特製組合：\n- 精裝CD\n- 放克故事書\n- 復古別針', '2800', 6, '2024-11-18 02:10:13'),
(73, 25, '收藏家版本', '/Liam/01/74.jpg', 'Soul Funk 收藏版', '收藏組：\n- 簽名專輯\n- 黑膠唱片\n- 復古隨身聽', '4900', 8, '2024-11-18 02:10:13'),
(74, 26, '數位基礎版', '/Liam/01/75.jpg', 'Electric Soul 數位專輯', '完整數位音樂集。', '1000', 3, '2024-11-18 02:10:13'),
(75, 26, '實體典藏版', '/Liam/01/76.jpg', 'Electric Soul 實體套組', '典藏組合：\n- 實體CD\n- 電音歷史集\n- 螢光手環', '2500', 5, '2024-11-18 02:10:13'),
(76, 26, '限定終極版', '/Liam/01/77.jpg', 'Electric Soul 收藏版', '終極組：\n- 簽名專輯\n- 音樂工作站\n- 限量背包', '4600', 1, '2024-11-18 02:10:13'),
(77, 27, '入門支持版', '/Liam/01/78.jpg', 'Jazz Pop 數位專輯', '數位版本及花絮。', '1200', 0, '2024-11-18 02:10:13'),
(78, 27, '實體收藏版', '/Liam/01/79.jpg', 'Jazz Pop 實體套組', '實體組合：\n- 精裝CD\n- 爵士樂譜集\n- 藝術明信片', '2400', 1, '2024-11-18 02:10:13'),
(79, 27, '典藏完整版', '/Liam/01/80.jpg', 'Jazz Pop 珍藏版', '完整組：\n- 簽名專輯\n- 黃銅飾品\n- 真皮票夾', '4500', 2, '2024-11-18 02:10:13'),
(80, 28, '基礎數位版', '/Liam/01/81.jpg', 'Future Bass 數位專輯', '數位音樂下載權。', '1100', 1, '2024-11-18 02:10:13'),
(81, 28, '實體特別版', '/Liam/01/82.jpg', 'Future Bass 實體套組', '特別組合：\n- 實體CD\n- 未來風海報\n- 全息貼紙', '2600', 2, '2024-11-18 02:10:13'),
(82, 28, '珍藏完全版', '/Liam/01/83.jpg', 'Future Bass 收藏版', '完全套組：\n- 簽名專輯\n- 3D展示架\n- 智能手環', '4700', 0, '2024-11-18 02:10:13'),
(83, 29, '數位專輯版', '/Liam/01/84.jpg', 'Rock Opera 數位專輯', '完整數位內容。', '1300', 1, '2024-11-18 02:10:13'),
(84, 29, '實體套組版', '/Liam/01/85.jpg', 'Rock Opera 實體套組', '豪華組合：\n- 精裝CD\n- 歌劇劇本\n- 面具組合', '2900', 2, '2024-11-18 02:10:13'),
(85, 29, '收藏家版本', '/Liam/01/86.jpg', 'Rock Opera 收藏版', '典藏組：\n- 簽名專輯\n- 舞台模型\n- 戲服小物', '5000', 2, '2024-11-18 02:10:13'),
(86, 30, '基本支持版', '/Liam/01/87.jpg', 'Digital Soul 數位專輯', '數位音樂全集。', '1200', 1, '2024-11-18 02:10:13'),
(87, 30, '實體珍藏版', '/Liam/01/88.jpg', 'Digital Soul 實體套組', '珍藏組合：\n- 實體CD\n- 數位藝術集\n- 像素別針', '2800', 0, '2024-11-18 02:10:13'),
(88, 30, '限量典藏版', '/Liam/01/89.jpg', 'Digital Soul 收藏版', '限量組：\n- 簽名專輯\n- AR互動卡\n- 數位相框', '4800', 1, '2024-11-18 02:10:13');

-- --------------------------------------------------------

--
-- 資料表結構 `f_project_list`
--

CREATE TABLE `f_project_list` (
  `f_project_id` int NOT NULL,
  `f_seller_id` int DEFAULT NULL,
  `f_project_name` varchar(30) CHARACTER SET utf8mb4 COLLATE utf8mb4_general_ci DEFAULT NULL,
  `f_tag` text CHARACTER SET utf8mb4 COLLATE utf8mb4_general_ci NOT NULL,
  `f_project_category` int DEFAULT NULL,
  `f_project_amount` int DEFAULT NULL,
  `f_project_people` int DEFAULT NULL,
  `f_project_title` varchar(30) CHARACTER SET utf8mb4 COLLATE utf8mb4_general_ci DEFAULT NULL,
  `f_project_content` varchar(100) CHARACTER SET utf8mb4 COLLATE utf8mb4_general_ci DEFAULT NULL,
  `video` varchar(100) COLLATE utf8mb4_general_ci DEFAULT NULL,
  `f_project_picture` varchar(100) CHARACTER SET utf8mb4 COLLATE utf8mb4_general_ci DEFAULT NULL,
  `top` varchar(100) CHARACTER SET utf8mb4 COLLATE utf8mb4_general_ci DEFAULT NULL,
  `f_project_check` int DEFAULT NULL,
  `f_project_current` timestamp NOT NULL DEFAULT CURRENT_TIMESTAMP
) ENGINE=InnoDB DEFAULT CHARSET=utf8mb4 COLLATE=utf8mb4_general_ci;

--
-- 傾印資料表的資料 `f_project_list`
--

INSERT INTO `f_project_list` (`f_project_id`, `f_seller_id`, `f_project_name`, `f_tag`, `f_project_category`, `f_project_amount`, `f_project_people`, `f_project_title`, `f_project_content`, `video`, `f_project_picture`, `top`, `f_project_check`, `f_project_current`) VALUES
(1, 1002, 'Neon Dreams', 'Rock', 1, 450000, 800, '霓虹夢境專輯', '《Neon Dreams》是一張充滿城市夜景風格的電子專輯，融合復古與現代元素，收錄12首原創歌曲。特色：- 特製霓虹燈造型包裝 - 夜景寫真集 - 限量夜光海報', '/Liam/01/01.mp4', '/Liam/01/05.jpg', '/Liam/01/top/01.jpg', 1, '2024-10-21 05:38:48'),
(2, 1003, 'Ocean Waves', 'Pop', 1, 38000, 650, '海洋波動專輯', '《Ocean Waves》以海洋為主題，結合自然音效與現代音樂。收錄8首清新單曲，帶來最純淨的聽覺饗宴。特色：- 海洋藍特殊包裝 - 海洋攝影集 - 環保概念設計', NULL, '/Liam/02/1.jpg', '/Liam/02/1.jpg', 1, '2024-11-05 05:38:48'),
(3, 1004, 'Urban Stories', 'Rock', 1, 520000, 950, '都市故事專輯', '《Urban Stories》講述10個都市人的生活故事，以現代流行音樂形式呈現。特色：- 精裝書本造型包裝 - 故事插畫本 - 創作手札', NULL, '/Liam/03/1.jpg', '', 1, '2024-11-05 05:38:48'),
(4, 1005, 'Starry Night', 'Soul', 1, 58000, 1200, '星空夜語專輯', '《Starry Night》以浪漫星空為主題，收錄15首抒情歌曲。特色：- 星空投影盒裝 - 精美歌詞本 - 星空主題明信片組', NULL, '/Liam/04/1.jpg', '', 1, '2024-11-05 05:38:48'),
(5, 1006, 'Digital Dawn', 'Blue', 1, 480000, 850, '數位黎明專輯', '《Digital Dawn》展現科技與音樂的完美結合，收錄10首電子搖滾曲目。特色：- AR互動包裝 - 數位特效歌詞本 - 限量科技風海報', NULL, '/Liam/05/1.jpg', '', 1, '2024-11-10 05:38:48'),
(6, 1007, 'Retro Rewind', 'Blue', 1, 350000, 600, '復古回帶專輯', '《Retro Rewind》重現80年代復古風格，收錄12首新編曲目。特色：- 復古卡帶造型包裝 - 復古風寫真集 - 限量復古別針', NULL, '/Liam/06/1.jpg', '', 1, '2024-11-04 05:38:48'),
(7, 1008, 'Future Pop', 'Pop', 1, 550000, 1100, '未來流行專輯', '《Future Pop》預見未來流行音樂趨勢，收錄10首前衛作品。特色：- 未來感包裝設計 - 概念寫真集 - 限量未來風徽章', NULL, '/Liam/07/1.jpg', '', 1, '2024-10-30 05:38:48'),
(8, 1009, 'Acoustic Soul', 'Rock', 1, 75000, 750, '原音靈魂專輯', '《Acoustic Soul》回歸音樂本質，收錄8首純淨原聲演奏。特色：- 環保材質包裝 - 手繪歌詞本 - 限量木質吉他pick', NULL, '/Liam/08/1.jpg', '', 1, '2024-11-03 05:38:48'),
(9, 1010, 'Midnight Jazz', 'Blue', 1, 86000, 820, '午夜爵士專輯', '《Midnight Jazz》重新詮釋現代爵士，收錄10首爵士改編曲目。特色：- 深色絨布包裝 - 復古風歌詞本 - 限量爵士酒吧票券', NULL, '/Liam/09/1.jpg', '', 1, '2024-10-25 05:38:48'),
(10, 1011, 'Electric Dreams', 'Soul', 1, 4000, 1050, '電音夢境專輯', '《Electric Dreams》以電子音樂描繪夢境世界，收錄12首電音作品。特色：- LED燈效包裝 - 夢境概念畫冊 - 限量發光手環', NULL, '/Liam/10/1.jpg', '', 1, '2024-11-05 05:38:48'),
(11, NULL, '763435', 'Pop', NULL, 45313, NULL, '43545', '1356444444444444444444444444444444444444444444444444444444444444444444444444444444444444', '/Liam/videos/f_project_picture-1731814092567-302618594.mp4', '/Liam/11/1.jpg', '/Liam/images/header/header-1731814092711-317170716.jpg', NULL, '2024-11-17 03:28:12'),
(12, 20, 'Moonlit Whispers', 'Soul', NULL, 96000, 750, '靈魂音樂製作', '「Moonlit Whispers」以溫柔月光為靈感，收錄10首抒情靈魂樂，特色：深沉的情感旋律，迷人氛圍', NULL, '/Liam/12/1.jpg', NULL, NULL, '2024-11-18 02:03:54'),
(13, 2, 'Crystal Rhythms', 'Rock', NULL, 140000, 850, '搖滾音樂團隊', '「Crystal Rhythms」融合現代搖滾和電子元素，收錄12首實驗性作品，特色：創新的節奏編排', NULL, '/Liam/13/1.jpg', NULL, NULL, '2024-11-18 02:03:54'),
(14, 12, 'Sunset Melodies', 'Pop', NULL, 95000, 920, '流行樂製作組', '「Sunset Melodies」以夕陽美景為主題，收錄8首清新流行歌曲，特色：溫暖和諧的編曲', NULL, '/Liam/14/1.jpg', NULL, NULL, '2024-11-18 02:03:54'),
(15, 27, 'Urban Echo', 'Blue', NULL, 60000, 680, '藍調音樂坊', '「Urban Echo」探索城市藍調新風格，收錄9首現代藍調作品，特色：街頭人生百態', NULL, '/Liam/15/1.jpg', NULL, NULL, '2024-11-18 02:03:54'),
(16, 29, 'Neon Pulse', 'Pop', NULL, 110000, 800, '流行音樂工作室', '「Neon Pulse」展現夜城脈動，收錄11首動感流行曲，特色：充滿活力的節奏', NULL, '/Liam/16/1.jpg', NULL, NULL, '2024-11-18 02:03:54'),
(17, 30, 'Vintage Soul', 'Soul', NULL, 85000, 700, '古典靈魂樂團', '「Vintage Soul」重現經典靈魂樂風格，收錄10首懷舊作品，特色：純粹情感表達', NULL, '/Liam/17/1.jpg', NULL, NULL, '2024-11-18 02:03:54'),
(18, 20, 'Electric Forest', 'Rock', NULL, 150000, 890, '電子搖滾工作室', '「Electric Forest」結合自然與科技，收錄9首實驗性搖滾，特色：環境音效與重金屬', NULL, '/Liam/18/1.jpg', NULL, NULL, '2024-11-18 02:03:54'),
(19, 3, 'Jazz Waves', 'Blue', NULL, 630000, 720, '爵士浪潮組合', '「Jazz Waves」現代爵士新詮釋，收錄8首創新爵士樂，特色：即興與結構的完美融合', NULL, '/Liam/19/1.jpg', NULL, NULL, '2024-11-18 02:03:54'),
(20, 5, 'Dream Pop', 'Pop', NULL, 100000, 850, '夢幻流行製作', '「Dream Pop」以夢境為題材，收錄10首氛圍流行曲，特色：空靈的聲響設計', NULL, '/Liam/20/1.jpg', NULL, NULL, '2024-11-18 02:03:54'),
(21, 16, 'Metal Magic', 'Rock', NULL, 60000, 950, '重金屬魔幻團', '「Metal Magic」探索奇幻主題，收錄7首史詩重金屬，特色：磅礡的編曲架構', NULL, '/Liam/21/1.jpg', NULL, NULL, '2024-11-18 02:03:54'),
(22, 14, 'Soul Garden', 'Soul', NULL, 55000, 780, '靈魂花園樂團', '「Soul Garden」融合大自然元素，收錄11首生態靈魂樂，特色：有機的聲音質地', NULL, '/Liam/22/1.jpg', NULL, NULL, '2024-11-18 02:03:54'),
(23, 28, 'Retro Beat', 'Pop', NULL, 100000, 830, '復古節奏工作室', '「Retro Beat」重現80年代風華，收錄9首復古流行曲，特色：經典音色重塑', NULL, '/Liam/23/1.jpg', NULL, NULL, '2024-11-18 02:03:54'),
(24, 39, 'Blues Journey', 'Blue', NULL, 200000, 690, '藍調旅程樂團', '「Blues Journey」講述公路故事，收錄10首現代藍調，特色：旅行主題貫穿', NULL, '/Liam/24/1.jpg', NULL, NULL, '2024-11-18 02:03:54'),
(25, 5, 'Rock Fusion', 'Rock', NULL, 50000, 870, '融合搖滾樂團', '「Rock Fusion」混合多元曲風，收錄8首跨界作品，特色：文化碰撞火花', NULL, '/Liam/25/1.jpg', NULL, NULL, '2024-11-18 02:03:54'),
(26, 28, 'City Lights', 'Pop', NULL, 40000, 810, '城市光影製作', '「City Lights」描繪都市夜生活，收錄12首城市流行曲，特色：現代都會感', NULL, '/Liam/26/1.jpg', NULL, NULL, '2024-11-18 02:03:54'),
(27, 20, 'Soul Train', 'Soul', NULL, 36000, 760, '靈魂列車組合', '「Soul Train」串連各地靈魂樂，收錄9首世界靈魂樂，特色：多元文化融合', NULL, '/Liam/27/1.jpg', NULL, NULL, '2024-11-18 02:03:54'),
(28, 34, 'Digital Rock', 'Rock', NULL, 25000, 900, '數位搖滾工作室', '「Digital Rock」結合科技與搖滾，收錄10首未來搖滾，特色：創新音效處理', NULL, '/Liam/28/1.jpg', NULL, NULL, '2024-11-18 02:03:54'),
(29, 21, 'Midnight Blue', 'Blue', NULL, 20000, 730, '午夜藍調團隊', '「Midnight Blue」深夜藍調故事，收錄8首情感藍調，特色：夜色氛圍營造', NULL, '/Liam/29/1.jpg', NULL, NULL, '2024-11-18 02:03:54'),
(30, 5, 'Future Soul', 'Soul', NULL, 60000, 840, '未來靈魂製作', '「Future Soul」探索靈魂樂新方向，收錄11首前衛作品，特色：突破傳統界限', NULL, '/Liam/30/1.jpg', NULL, NULL, '2024-11-18 02:03:54');

-- --------------------------------------------------------

--
-- 資料表結構 `f_question`
--

CREATE TABLE `f_question` (
  `f_question_id` int NOT NULL,
  `f_project_id` int NOT NULL,
  `f_answer_content` varchar(30) CHARACTER SET utf8mb4 COLLATE utf8mb4_general_ci DEFAULT NULL,
  `f_question_content` varchar(100) CHARACTER SET utf8mb4 COLLATE utf8mb4_general_ci DEFAULT NULL,
  `f_question_current` timestamp NOT NULL DEFAULT CURRENT_TIMESTAMP
) ENGINE=InnoDB DEFAULT CHARSET=utf8mb4 COLLATE=utf8mb4_general_ci;

--
-- 傾印資料表的資料 `f_question`
--

INSERT INTO `f_question` (`f_question_id`, `f_project_id`, `f_answer_content`, `f_question_content`, `f_question_current`) VALUES
(1, 1, '預計一個月內開始製作出貨。', '請問商品大概什麼時候會開始製作和寄送呢？', '2024-11-08 01:31:53'),
(2, 1, '有黑色、白色和藍色可選。', '想詢問這個商品有什麼顏色可以選擇？', '2024-11-08 01:31:53'),
(3, 1, '超商60元，宅配100元。', '請問運送方式和運費是如何計算的？', '2024-11-08 01:31:53'),
(4, 1, '30x20x15cm，重500g。', '可以告訴我商品的詳細尺寸規格嗎？', '2024-11-08 01:31:53'),
(5, 1, '出貨前來信告知即可修改。', '請問如果要修改收件地址要怎麼做？', '2024-11-08 01:31:53'),
(6, 1, '使用環保PP材質製作。', '想了解商品使用的材質是什麼？', '2024-11-08 01:31:53'),
(7, 1, '提供一年保固服務。', '商品有保固嗎？保固期限是多久？', '2024-11-08 01:31:53'),
(8, 1, '進度80%，預計提前出貨。', '現在專案進度如何？是否會提前出貨？', '2024-11-08 01:31:53'),
(9, 1, '建議使用中性清潔劑擦拭。', '產品要如何保養和清潔？', '2024-11-08 01:31:53'),
(10, 1, '台灣製造，品質有保障。', '想詢問商品的製造產地和認證？', '2024-11-08 01:31:53');

-- --------------------------------------------------------

--
-- 資料表結構 `f_share`
--

CREATE TABLE `f_share` (
  `f_share_id` int NOT NULL,
  `f_message_id` int NOT NULL,
  `f_member_id` int DEFAULT NULL
) ENGINE=InnoDB DEFAULT CHARSET=utf8mb4 COLLATE=utf8mb4_general_ci;

--
-- 傾印資料表的資料 `f_share`
--

INSERT INTO `f_share` (`f_share_id`, `f_message_id`, `f_member_id`) VALUES
(1, 41, 1),
(2, 41, 15),
(3, 42, 2),
(4, 42, 16),
(5, 43, 3),
(6, 43, 17),
(7, 44, 4),
(8, 44, 18),
(9, 45, 5),
(10, 45, 19),
(11, 46, 6),
(12, 46, 20),
(13, 47, 7),
(14, 47, 21),
(15, 48, 8),
(16, 48, 22),
(17, 49, 9),
(18, 49, 23),
(19, 50, 10),
(20, 50, 24),
(21, 51, 11),
(22, 51, 25),
(23, 52, 12),
(24, 52, 26),
(25, 53, 13),
(26, 53, 27),
(27, 54, 14),
(28, 54, 28),
(29, 55, 30),
(30, 55, 35),
(31, 56, 31),
(32, 56, 36),
(33, 57, 32),
(34, 57, 37),
(35, 58, 33),
(36, 58, 38),
(37, 59, 34),
(38, 59, 39),
(39, 60, 40),
(40, 60, 45),
(41, 41, 41),
(42, 42, 42),
(43, 43, 43),
(44, 44, 44),
(45, 45, 46),
(46, 46, 47),
(47, 47, 48),
(48, 48, 49),
(49, 49, 50),
(50, 50, 29);

-- --------------------------------------------------------

--
-- 資料表結構 `m_favorite`
--

CREATE TABLE `m_favorite` (
  `m_favorite_id` int NOT NULL,
  `m_member_id` int DEFAULT NULL,
  `m_project_id` int NOT NULL DEFAULT '0',
  `m_product_id` int DEFAULT NULL,
  `m_create_time` timestamp NOT NULL DEFAULT CURRENT_TIMESTAMP
) ENGINE=InnoDB DEFAULT CHARSET=utf8mb4 COLLATE=utf8mb4_general_ci;

--
-- 傾印資料表的資料 `m_favorite`
--

INSERT INTO `m_favorite` (`m_favorite_id`, `m_member_id`, `m_project_id`, `m_product_id`, `m_create_time`) VALUES
(4, 1, 2, NULL, '2024-11-13 05:47:38'),
(19, 1, 11, NULL, '2024-11-17 03:39:05'),
(35, 1, 49, NULL, '2024-11-19 11:04:07'),
(37, 1, 1, NULL, '2024-11-19 12:51:29'),
(38, 1, 3, NULL, '2024-11-19 12:51:37'),
(40, 1, 19, NULL, '2024-11-19 12:57:13');

-- --------------------------------------------------------

--
-- 資料表結構 `m_member`
--

CREATE TABLE `m_member` (
  `m_member_id` int NOT NULL,
  `m_name` varchar(50) COLLATE utf8mb4_general_ci DEFAULT NULL,
  `m_nickname` varchar(50) COLLATE utf8mb4_general_ci DEFAULT NULL,
  `m_gender` varchar(10) COLLATE utf8mb4_general_ci DEFAULT NULL,
  `m_birth` date DEFAULT NULL,
  `m_location` varchar(100) COLLATE utf8mb4_general_ci DEFAULT NULL,
  `m_account` varchar(100) COLLATE utf8mb4_general_ci DEFAULT NULL,
  `m_phone` varchar(20) COLLATE utf8mb4_general_ci DEFAULT NULL,
  `m_email` varchar(100) COLLATE utf8mb4_general_ci DEFAULT NULL,
  `m_password` varchar(255) COLLATE utf8mb4_general_ci DEFAULT NULL,
  `m_is_valid` tinyint(1) DEFAULT NULL,
  `m_icon` varchar(500) COLLATE utf8mb4_general_ci DEFAULT NULL,
  `m_create_time` timestamp NOT NULL DEFAULT CURRENT_TIMESTAMP,
  `m_bio` text COLLATE utf8mb4_general_ci COMMENT '會員簡介',
  `m_district` varchar(50) COLLATE utf8mb4_general_ci DEFAULT NULL
) ENGINE=InnoDB DEFAULT CHARSET=utf8mb4 COLLATE=utf8mb4_general_ci;

--
-- 傾印資料表的資料 `m_member`
--

INSERT INTO `m_member` (`m_member_id`, `m_name`, `m_nickname`, `m_gender`, `m_birth`, `m_location`, `m_account`, `m_phone`, `m_email`, `m_password`, `m_is_valid`, `m_icon`, `m_create_time`, `m_bio`, `m_district`) VALUES
(1, '廖冠廷', '阿怪', '男', '1983-06-16', '台北市', 'test001', '0925299549', 'test001@tt.com', '$2b$12$YOGZ3E/zeQQrT8vOB9xIP.8/TA8Kfa4s3KS4x/Asfx5mEitEucaUq', 1, '/uploads/mem-icons/1731962191220-680401066-user.png', '2024-11-04 19:02:11', '世界越快 心則慢', '大安區'),
(2, '曾品妍', '雨人', '男', '1988-10-03', NULL, 'test002', '0922350342', 'james1003@hotmail.com', '$2b$10$Zrm4kZqxpVHYk6qGBPEqZOwcxBKmzSo9o7j1fm1dpcHKWE7Fkn8Mi', 1, '/uploads/mem-icons/1731864790779-629333505-user.png', '2024-11-04 19:02:11', 'No Music No Life', '三重區'),
(3, '黃柏翰', '阿亮', '不透露', '1989-11-15', '新北市', 'test003', '0921165496', 'william1115@gmail.com', '$2b$10$82v.CAiB7FfGSTksLcPWGOtRGeG2ri.WzR/ktiMN2w2FSEXKrbPWm', 1, NULL, '2024-11-04 19:02:11', 'Love & Peace', '烏來區'),
(4, '賴彥廷', '阿爆', '男', '2006-01-11', '新北市', 'test004', '0935346082', 'elijah0111@icloud.com', '$2b$10$T3Sac8qmIU2UzlEU52i3iu2FHAr2PTflsq4kf83mYRuG/uH4KwcgG', 1, NULL, '2024-11-04 19:02:11', '雨下整夜', '平溪區'),
(5, '洪怡萱', '毛毛', '女', '1974-01-25', '台中市', 'test005', '0930244765', 'emma0125@gmail.com', '$2b$10$3QhJfki3zGiY1w2UsuuzLu1EQ0d8AJfIv68wF459xCXlGCARdZ0AG', 1, NULL, '2024-11-04 19:02:11', 'Love & Peace', '大甲區'),
(6, '劉柏睿', 'Eric', '男', '1989-01-06', '新北市', 'test006', '0914783125', 'luna0106@gmail.com', '$2b$10$xIzq0Z8wXTz1L/9aQ37yPuQmovPJQeNqQyJ2eSBbMEFa98RtvnhX6', 1, NULL, '2024-11-04 19:02:11', 'Love & Peace', '八里區'),
(7, '劉冠廷', 'Eric', '不透露', '1984-03-06', '台中市', 'test007', '0955943935', 'noah0306@icloud.com', '$2b$10$GKKAodqyktSXkfqps7yzYeEz2V/GluDFMmxj3Zw3Yh4oLitI5ni.u', 1, NULL, '2024-11-04 19:02:11', 'Love & Peace', '大安區'),
(8, '鄭承恩', '小美', '男', '1998-01-13', '新北市', 'test008', '0988058324', 'mia0113@gmail.com', '$2b$10$CGhG0yk8789khzXzMG17DugrKB8IPfm2L1nwlP/Ba1oHHfKtYknIW', 1, NULL, '2024-11-04 19:02:11', 'Love & Peace', '金山區'),
(9, '王品妍', '卡比', '女', '1978-02-05', '台北市', 'test009', '0919396019', 'mateo0205@icloud.com', '$2b$10$8yxC38oEqsihD/b3S9ASB.s/73QMFaZjgdWDkGSYxvzFTNVwhUEae', 1, NULL, '2024-11-04 19:02:11', 'Love & Peace', '中山區'),
(10, '許冠宇', 'Rita', '不透露', '2002-08-26', '台中市', 'test010', '0939839526', 'mateo0826@icloud.com', '$2b$10$CgC2QydnCGvYQVENzXrKQeiUOwpgOwzYFjvOrCf/eJ.8VfUpW.7fq', 1, NULL, '2024-11-04 19:02:11', 'Love & Peace', '霧峰區'),
(11, '洪冠宇', '阿凱', '男', '1986-10-26', '台中市', 'test011', '0956838789', 'mateo1026@icloud.com', '$2b$10$SsMZJ9y2AlawXlR3E08Druhvg5PnCxGQYrljaDknGfaxq4SWCqIAe', 1, NULL, '2024-11-04 19:02:11', 'Love & Peace', '西區'),
(12, '楊品妤', 'James', '女', '1980-12-02', '台北市', 'test012', '0924111042', 'mia1202@icloud.com', '$2b$10$gLFdmLfjgl259fu2nHA3ouXRxzgF/RO/0E1tErm4eMzWd5xjqb.A6', 1, NULL, '2024-11-04 19:02:11', 'Love & Peace', '中正區'),
(13, '周冠宇', '小雅', '不透露', '2006-08-02', '台北市', 'test013', '0925153104', 'elijah0802@gmail.com', '$2b$10$dpGJ6gtif9BBbvN2OOvz/uCVIO53UFbe0KeEMlV/CLzFpxQR0xR7K', 1, NULL, '2024-11-04 19:02:11', 'Love & Peace', '萬華區'),
(14, '周冠宇', 'Jeff', '男', '1980-08-31', '台中市', 'test014', '0933211540', 'william0831@hotmail.com', '$2b$10$.GgQShNXlJAMdzk4zyR3t.VMxCfKnXYCSCQ.ydxBpRVB3XIo96Tji', 1, NULL, '2024-11-04 19:02:11', 'Love & Peace', '大安區'),
(15, '曾子涵', 'James', '女', '1977-02-09', '台北市', 'test015', '0922200247', 'luna0209@gmail.com', '$2b$10$ND.dEuAsEHMBrNi./erMzeNTXItsC.aCrkU9mGOcjXq9qdCYZ.Ki.', 1, NULL, '2024-11-04 19:02:11', 'Love & Peace', '大安區'),
(16, '吳承瀚', '阿亮', '不透露', '2007-10-23', '台北市', 'test016', '0919323408', 'sophia1023@gmail.com', '$2b$10$gHclacU.jIrg.qtO7DIX8uGSv5vyjHBKpjUS6d1Ga5F/HTQIRWfwq', 1, NULL, '2024-11-04 19:02:11', 'Love & Peace', '松山區'),
(17, '楊宥廷', '皮皮', '男', '2006-07-11', '台北市', 'test017', '0958974959', 'william0711@icloud.com', '$2b$10$urC2uiqCQLwiq78CSTj//u60mW8GWC0RLPWc16Y/GBHL22JvPpIoy', 1, NULL, '2024-11-04 19:02:11', 'Love & Peace', '北投區'),
(18, '張品妤', 'Ella', '女', '1984-04-02', '新北市', 'test018', '0924358390', 'elijah0402@hotmail.com', '$2b$10$kv7hdqbz7msU61Y8zNVg6u5Mzm2tzRZeSFigX.V198rob8yHjs.C2', 1, NULL, '2024-11-04 19:02:11', 'Love & Peace', '坪林區'),
(19, '邱彥廷', 'Eric', '不透露', '1985-12-31', '台北市', 'test019', '0988820907', 'mia1231@icloud.com', '$2b$10$euEJffZz9neqPW/5An/5XuBdzV031BTNsW.OU7ndWOhaz09a7lW0a', 1, NULL, '2024-11-04 19:02:11', 'Love & Peace', '北投區'),
(20, '林柏宇', '小美', '男', '1992-06-18', '新北市', 'test020', '0926786057', 'olivia0618@icloud.com', '$2b$10$v1Il1udBbfyRARunhiVHY.Z2X3aOPHS3T2uCueczRzmj836Yb6ljO', 1, NULL, '2024-11-04 19:02:11', 'Love & Peace', '深坑區'),
(21, '郭怡萱', '阿爆', '女', '2007-10-28', '新北市', 'test021', '0928309663', 'william1028@hotmail.com', '$2b$10$B8cX21hpsxrqWQtos2uj6O4CDXyKSxnvbzv4CtqkRe9YaRYkA6Ew.', 1, NULL, '2024-11-04 19:02:11', 'Love & Peace', '瑞芳區'),
(22, '賴柏翰', '阿凱', '不透露', '1977-09-10', '台中市', 'test022', '0926184514', 'james0910@gmail.com', '$2b$10$fWL84vs4e6fC8SDbT4rhv.zXxw/xZHi82wthu8eC7KMcCxVcxnD4O', 1, NULL, '2024-11-04 19:02:11', 'Love & Peace', '中區'),
(23, '謝柏宇', '卡比', '男', '1985-11-14', '新北市', 'test023', '0928541077', 'olivia1114@hotmail.com', '$2b$10$Y/dNsBsEPea5BxqRyt/iLOYYD8GksE8GOdX/TAJwwb1KckUMafOEG', 1, NULL, '2024-11-04 19:02:11', 'Love & Peace', '萬里區'),
(24, '邱詠晴', '毛毛', '女', '1984-06-09', '新北市', 'test024', '0919348366', 'henry0609@gmail.com', '$2b$10$VfwgCALCE/oZbD5wfOsgIerS/wu978LO6U4hntVTW3TtqARP4ZObC', 1, NULL, '2024-11-04 19:02:11', 'Love & Peace', '瑞芳區'),
(25, '林彥廷', '路易', '不透露', '1998-12-27', '台北市', 'test025', '0929021307', 'noah1227@hotmail.com', '$2b$10$G7kLRxOtcLvW5nd/QHbL.ej0Hap.1OLV80EmHEHABL60WEhToEDpW', 1, NULL, '2024-11-04 19:02:11', 'Love & Peace', '松山區'),
(26, '林承恩', '阿凱', '男', '1977-05-05', '台中市', 'test026', '0987685219', 'sophia0505@gmail.com', '$2b$10$tCCpg0nJrP.39LRDdp2QsuWdZbvGx13RFh7tLWV8vEMRQu0a.38GG', 1, NULL, '2024-11-04 19:02:11', 'Love & Peace', '神岡區'),
(27, '蔡詩涵', 'Rita', '女', '1986-05-06', '台北市', 'test027', '0913063242', 'henry0506@icloud.com', '$2b$10$DKg14uABeS8uCrQvRs6VpOpRuOf/3FFkk73SHtwcyJEM6SCLQu6y.', 1, NULL, '2024-11-04 19:02:11', 'Love & Peace', '信義區'),
(28, '林冠廷', 'David', '不透露', '1996-11-18', '新北市', 'test028', '0986036589', 'luna1118@hotmail.com', '$2b$10$ctk.0Y.boWI/Nin/DCTHzuvg6Y4cIeN7hA4vRoQW1jW5QI/UxTLcy', 1, NULL, '2024-11-04 19:02:11', 'Love & Peace', '樹林區'),
(29, '黃冠宇', '阿亮', '男', '2002-03-27', '新北市', 'test029', '0971031883', 'william0327@hotmail.com', '$2b$10$RIOxXuSYbU5QDAO8Q3h.bu6eoBh6V5Ilk9fmfIo/NgwhXLrFplO1.', 1, NULL, '2024-11-04 19:02:11', 'Love & Peace', '貢寮區'),
(30, '張詩涵', 'Alex', '女', '2005-12-23', '台北市', 'test030', '0963715693', 'olivia1223@gmail.com', '$2b$10$OB5OUwKMw6JIBRwAT.sDTOYIS02HRQcJFB0MTW5.AM7RffbUarAqy', 1, NULL, '2024-11-04 19:02:11', 'Love & Peace', '大安區'),
(31, '洪冠廷', 'Alex', '不透露', '1986-02-12', '台中市', 'test031', '0987801386', 'emma0212@icloud.com', '$2b$10$YHSJwuqzfllBw4p6z8bqceJfv.4mpp2CdeHzbZ4neWObyUywu6h.2', 1, NULL, '2024-11-04 19:02:11', 'Love & Peace', '大里區'),
(32, '曾彥廷', 'Ella', '男', '1974-12-11', '台中市', 'test032', '0934906783', 'mateo1211@hotmail.com', '$2b$10$gtYo4lcgBn0HIGuC4jsWzuH7pGtFkDfYdBYa.uqc7wAqNnF2X3WRm', 1, NULL, '2024-11-04 19:02:11', 'Love & Peace', '外埔區'),
(33, '賴品妍', '路易', '女', '2002-03-23', '台中市', 'test033', '0928777960', 'lucas0323@icloud.com', '$2b$10$c9arMVQgaet8UemFE.ZkquPmhjp9YOFtPyqbextukBoHrC0COeVZ6', 1, NULL, '2024-11-04 19:02:11', 'Love & Peace', '北屯區'),
(34, '邱宥廷', '阿爆', '不透露', '2002-11-11', '新北市', 'test034', '0926247666', 'luna1111@icloud.com', '$2b$10$QE6zYAbbedAE/Ca8pkDcX.D/h3T6tkKyTu71/AMFTjP7KfzLmdEBe', 1, NULL, '2024-11-04 19:02:11', 'Love & Peace', '萬里區'),
(35, '洪柏宇', '小美', '男', '1981-11-29', '新北市', 'test035', '0937351888', 'elijah1129@hotmail.com', '$2b$10$2a2G4bm0xrrjLoxQkGmvkOF4ONkSskTHZWzsqZM1c2FNggCrh1lMK', 1, NULL, '2024-11-04 19:02:11', 'Love & Peace', '平溪區'),
(36, '劉子晴', '阿亮', '女', '2002-07-26', '新北市', 'test036', '0958191148', 'elijah0726@hotmail.com', '$2b$10$8v4UyLdr5/OM7YBEihipuejH.wFPGQo//bSC/j4sgmmBprCm6OF5.', 1, NULL, '2024-11-04 19:02:11', 'Love & Peace', '樹林區'),
(37, '賴承瀚', 'James', '不透露', '1982-01-17', '台北市', 'test037', '0963679668', 'mateo0117@hotmail.com', '$2b$10$ElsY7WEeSgq0NowvMnDlWOsgDpMo/NuU.Sbm/6Y7.84ec0bflQfpu', 1, NULL, '2024-11-04 19:02:11', 'Love & Peace', '信義區'),
(38, '謝宥廷', 'Vivi', '男', '1986-03-06', '新北市', 'test038', '0982927366', 'james0306@gmail.com', '$2b$10$FwxgTIl4Bq6KtTTwTKOaLOaCrpNm4J3INapb0WqCluM4U9Du1wY1m', 1, NULL, '2024-11-04 19:02:11', 'Love & Peace', '烏來區'),
(39, '周怡萱', 'Alex', '女', '1996-05-14', '台北市', 'test039', '0935817712', 'amelia0514@gmail.com', '$2b$10$ZJyUcRHlgBuPBXzvd99zeOw58I9pDWaHHYoI/Pwnmw1goxJr4m/kq', 1, NULL, '2024-11-04 19:02:11', 'Love & Peace', '萬華區'),
(40, '曾柏翰', '路易', '不透露', '2000-07-13', '新北市', 'test040', '0963384660', 'william0713@hotmail.com', '$2b$10$ZRZRElk1oc9fWdchQF57eOiiTLduAi26KVFVjsKZElBK8laxEfo1q', 1, NULL, '2024-11-04 19:02:11', 'Love & Peace', '萬里區'),
(41, '王宥廷', 'Rita', '男', '1988-07-14', '台北市', 'test041', '0934366379', 'mia0714@hotmail.com', '$2b$10$Ek5DgMTjCzFsIRgU57qK8Of2XBH7DGWfbUI6JUrvtftx/44ddo0Ha', 1, NULL, '2024-11-04 19:02:11', 'Love & Peace', '中山區'),
(42, '楊品妍', '阿亮', '女', '2000-10-09', '新北市', 'test042', '0989767272', 'james1009@gmail.com', '$2b$10$yXKEUk2XXvttBxZNauiFv.8C3BU6goWwILt4nHF/7ZCT9J.pkYvSi', 1, NULL, '2024-11-04 19:02:11', 'Love & Peace', '烏來區'),
(43, '李柏翰', '毛毛', '不透露', '1974-07-04', '台北市', 'test043', '0937828667', 'luna0704@icloud.com', '$2b$10$PhzXypNLVfe/UL44N.MKcO7BAY2.iLzMVR89OC88s/QPSTj23cUaC', 1, NULL, '2024-11-04 19:02:11', 'Love & Peace', '萬華區'),
(44, '楊柏睿', '阿傑', '男', '1991-01-09', '新北市', 'test044', '0938044969', 'olivia0109@gmail.com', '$2b$10$QgmMK4DvQVi4sZp4Bi8tquOJPJQE9ZnW1KNeG6FZXaJAQQqp9IwtO', 1, NULL, '2024-11-04 19:02:11', 'Love & Peace', '雙溪區'),
(45, '洪詩涵', '毛毛', '女', '1993-02-15', '台北市', 'test045', '0934982326', 'theodore0215@icloud.com', '$2b$10$1xgKdpyQDGln4K46iGvCSepDdRaZf6V7FzsK5.MbEK3BWZa.HpEPW', 1, NULL, '2024-11-04 19:02:11', 'Love & Peace', '中山區'),
(46, '張承瀚', 'Jamie', '不透露', '1995-02-06', '新北市', 'test046', '0928889495', 'henry0206@gmail.com', '$2b$10$z5lHUEhyjmYOI8Z7emQdB.7i9zCUpIGMrRGf.2QAEAJwvG1lifiFi', 1, NULL, '2024-11-04 19:02:11', 'Love & Peace', '淡水區'),
(47, '林柏翰', 'David', '男', '1991-04-17', '台中市', 'test047', '0989142058', 'liam0417@gmail.com', '$2b$10$xifFEPRKu..Ae2Ga2/Uuv.L/ivvQLMgiIpsr263HrWNuTNnF/txf2', 1, NULL, '2024-11-04 19:03:07', 'Love & Peace', '外埔區'),
(48, '鄭詩涵', 'James', '女', '1983-03-28', '台中市', 'test048', '0917669134', 'elijah0328@hotmail.com', '$2b$10$uL2eN/v.OradeCwQGYqk7.P/2Y7z0AS0N0zI4UXJpMt4l/3Yra3XK', 1, NULL, '2024-11-04 19:03:07', 'Love & Peace', '西區'),
(49, '劉冠廷', '小美', '不透露', '2001-04-08', '台北市', 'test049', '0937222934', 'henry0408@gmail.com', '$2b$10$lq/nisWkUuTJ0tPorZyqBuCPVX3F1sY4YR2eg4l4QlHa87Ig4P/4i', 1, NULL, '2024-11-04 19:03:07', 'Love & Peace', '萬華區'),
(50, '鄭宇翔', 'Ella', '男', '1982-04-14', '台中市', 'test050', '0933885211', 'mateo0414@gmail.com', '$2b$10$eFTAKIjqFecxrColIGWrXOGBeaPqfXfB.CQgnv9.24SzO8bD1C9Ca', 1, NULL, '2024-11-04 19:03:07', 'Love & Peace', '北區'),
(51, '謝詠晴', 'Bella', '女', '2005-06-05', '台中市', 'test051', '0952789548', 'amelia0605@icloud.com', '$2b$10$LfqFFSfD0osQP8ZXVXkPz.a2lUjBM34lp9freMQAmHaBNR0fMz8lS', 1, NULL, '2024-11-04 19:03:07', 'Love & Peace', '太平區'),
(52, '蔡承瀚', '卡比', '不透露', '1991-01-23', '台北市', 'test052', '0913297053', 'mateo0123@hotmail.com', '$2b$10$IpM7vPTj3FZpteQVKq5vQOyWiaNq0NXCexnZVAdqvtNMWX4Dg7aX.', 1, NULL, '2024-11-04 19:03:07', 'Love & Peace', '南港區'),
(53, '鄭承恩', '阿亮', '男', '2000-07-29', '台北市', 'test053', '0912748784', 'luna0729@hotmail.com', '$2b$10$wSz2GXjB/NP5USojMvA05eoVyo9a73i4UhMX6apfXT/uaKykPsAru', 1, NULL, '2024-11-04 19:03:07', 'Love & Peace', '大安區'),
(54, '林詩涵', 'James', '女', '1995-08-03', '台中市', 'test054', '0924759698', 'sophia0803@icloud.com', '$2b$10$OB..gaSjd18R52.vgedEcOsrVIa7g3lg3hvtedNPkTHadISh4V5/a', 1, NULL, '2024-11-04 19:03:07', 'Love & Peace', '西屯區'),
(55, '劉柏翰', 'Ella', '不透露', '2003-12-22', '新北市', 'test055', '0939072282', 'mia1222@icloud.com', '$2b$10$zYEdIKaKjR36Ig4.v/2JyunPkZ/IplgSbFnrPShuaBWkdmPPH4H0m', 1, NULL, '2024-11-04 19:03:07', 'Love & Peace', '雙溪區'),
(56, '劉宥廷', '小雅', '男', '2005-04-11', '台北市', 'test056', '0932427777', 'mia0411@hotmail.com', '$2b$10$yRA5IxLkQTjZRfWrWGL8aOfwQtZ7kCI6EUjbuPFNDSDRKvuyiTHH.', 1, NULL, '2024-11-04 19:03:07', 'Love & Peace', '萬華區'),
(57, '王詠晴', 'James', '女', '1987-12-10', '台北市', 'test057', '0958743991', 'olivia1210@icloud.com', '$2b$10$T123hH9hRGe7E7NbT3O/KeNTSObv8CEgiCUrsQTpnQkQ/W3Zs./Zy', 1, NULL, '2024-11-04 19:03:07', 'Love & Peace', '大同區'),
(58, '劉冠宇', '阿傑', '不透露', '1999-12-14', '台北市', 'test058', '0920174898', 'sophia1214@hotmail.com', '$2b$10$97/wEr11x31yfdlRA16uN.xEBThDngaNaZjitYU/qJ7g4sYnBiAx.', 1, NULL, '2024-11-04 19:03:07', 'Love & Peace', '文山區'),
(59, '黃柏睿', '路易', '男', '1994-10-11', '台北市', 'test059', '0925029499', 'amelia1011@icloud.com', '$2b$10$dFryztz1RWGfO3tE1MRjjOwib4lso4JfJboghyw4qtDw8QDfDV4h.', 1, NULL, '2024-11-04 19:03:07', 'Love & Peace', '松山區'),
(60, '李品妍', '皮皮', '女', '1991-01-28', '新北市', 'test060', '0939573119', 'henry0128@gmail.com', '$2b$10$SxA8Q3rrUzgKkufSkGCGi.0Cc2CpZK8uH5GOeR43pAh41QEm8idlG', 1, NULL, '2024-11-04 19:03:07', 'Love & Peace', '新店區'),
(61, '張冠廷', '路易', '不透露', '1974-06-19', '台中市', 'test061', '0911785432', 'lucas0619@gmail.com', '$2b$10$Tc.TqRH.ktnN0CLClIUzNufM4LCUIurstXAnK74JlDTIZ6lmhc5FG', 1, NULL, '2024-11-04 19:03:07', 'Love & Peace', '龍井區'),
(62, '鄭宥廷', '小美', '男', '2004-11-25', '台北市', 'test062', '0935822226', 'charlotte1125@hotmail.com', '$2b$10$dsf5d73ToUUI3yuS5X9vk.8HpaoCeVksBkdxzevjTRkxsNv2PcM2a', 1, NULL, '2024-11-04 19:03:07', 'Love & Peace', '北投區'),
(63, '蔡宜蓁', '阿傑', '女', '1985-02-04', '新北市', 'test063', '0911000332', 'elijah0204@icloud.com', '$2b$10$9oFUySeuS/WmAxksAB6hB.XZO4vZBYe6kGsiZt5m8bUpGAdBhq7uy', 1, NULL, '2024-11-04 19:03:07', 'Love & Peace', '五股區'),
(64, '蔡柏睿', 'David', '不透露', '1992-05-16', '台北市', 'test064', '0915799651', 'mia0516@gmail.com', '$2b$10$X/fHttuxRoiLj2PxMGEO1umfhLoZ5ip8/qh3SMRx3kPi5b1/d.1IS', 1, NULL, '2024-11-04 19:03:07', 'Love & Peace', '大安區'),
(65, '郭柏宇', '阿爆', '男', '1989-12-05', '台北市', 'test065', '0931371730', 'evelyn1205@hotmail.com', '$2b$10$y2eKvT91PxG2okU.mroAK.7jcq1Bwvlq4jSaisHjKbs53yUTkumJa', 1, NULL, '2024-11-04 19:03:07', 'Love & Peace', '士林區'),
(66, '王品妤', 'Eric', '女', '1982-10-06', '新北市', 'test066', '0920759551', 'emma1006@gmail.com', '$2b$10$ffMKjMYphhR9C0Mzd.uEZuWeVdezM3KqTCmRJat9nbK5tVLU7APZ2', 1, NULL, '2024-11-04 19:03:07', 'Love & Peace', '板橋區'),
(67, '楊柏翰', '路易', '不透露', '2000-02-25', '台北市', 'test067', '0912939954', 'theodore0225@gmail.com', '$2b$10$IfIr2OyL.Sg52g237.JAF.TV5i6c7jUcX2ob/LTF7cIEM3S8igQOq', 1, NULL, '2024-11-04 19:03:07', 'Love & Peace', '士林區'),
(68, '洪冠廷', '小雅', '男', '1975-09-09', '台北市', 'test068', '0922278871', 'oliver0909@gmail.com', '$2b$10$ZsFWJfO0gI6maIMNmRXADOOschQ/jhtSEIMFhzOWpbTT6rr2dRpKO', 1, NULL, '2024-11-04 19:03:07', 'Love & Peace', '松山區'),
(69, '黃品妤', '路易', '女', '1997-06-22', '新北市', 'test069', '0923539441', 'william0622@gmail.com', '$2b$10$9k1i9YaATkg8mDhelIin0uVt0LuAiNrHSBxHReNUwnP./4Ckn0BLK', 1, NULL, '2024-11-04 19:03:07', 'Love & Peace', '金山區'),
(70, '林柏翰', 'David', '男', '1991-04-17', '新北市', 'test070', NULL, NULL, '$2b$12$rEYHaq18GIqEWhZJfI0oKe7m7smi8pcS6XGTmXmEy1N3e3ESe0UIG', NULL, NULL, '2024-11-08 17:39:55', 'Love & Peace', '石碇區'),
(71, '鄭詩涵', 'James', '女', '1983-03-28', '台北市', 'test071', NULL, NULL, '$2b$12$9sJsxXy3GCLbk8ptzXmE..TsU6.YjqK4vyVjVK8aE.OUZsCpCl3Fy', NULL, NULL, '2024-11-09 05:05:24', 'Love & Peace', '大同區'),
(72, '劉冠廷', '小美', '不透露', '2001-04-08', '新北市', 'test072', NULL, NULL, '$2b$12$kNhpjMxjax5NYB4xZyiGOO.dX7ocwJYcn4rAjDRWb0EErh0eW.HLO', NULL, NULL, '2024-11-09 05:17:04', 'Love & Peace', '瑞芳區'),
(73, '鄭宇翔', 'Ella', '男', '1982-04-14', '台中市', 'test073', NULL, NULL, '$2b$12$V8TQ9GLAwWmcEEpDVUb43.KupphHpa5AWaDOy/ay.hxEfuO90bP1u', NULL, NULL, '2024-11-09 05:30:37', 'Love & Peace', '神岡區'),
(74, '謝詠晴', 'Bella', '女', '2005-06-05', '台北市', 'test074', NULL, NULL, '$2b$12$u01WtVF0llMYWS9u4HInoeNPXQM8b1vjpzzNfoJOcnqdE2VOW3hAO', NULL, NULL, '2024-11-09 05:56:28', 'Love & Peace', '文山區'),
(75, '蔡承瀚', '卡比', '不透露', '1991-01-23', '台北市', 'test075', NULL, NULL, '$2b$12$7jlDbruHC00Cde9WO.REj./aXMNbNaoBNebj/mEEHDELNOJAQqXUa', NULL, NULL, '2024-11-09 05:59:28', 'Love & Peace', '中正區'),
(76, '鄭承恩', '阿亮', '男', '2000-07-29', '新北市', 'test076', NULL, NULL, '$2b$12$WLC1O5JaYcKbxV6EhleuQeXjdte62PZdFg5T7YSCVF2Q30yxxBUFe', NULL, NULL, '2024-11-10 01:30:10', 'Love & Peace', '蘆洲區'),
(77, '林詩涵', 'James', '女', '1995-08-03', '台北市', 'test077', NULL, NULL, '$2b$12$.4I7ITs8zVimUlYr0iFLduxPWxIjMOVCEKyxGMWLWIJSuEmNldvVu', NULL, NULL, '2024-11-10 01:51:18', 'Love & Peace', '文山區'),
(78, '劉柏翰', 'Ella', '不透露', '2003-12-22', '台北市', 'test078', NULL, NULL, '$2b$12$Skdb.wzOZmvDy5sjEobEtu65m3Nw7gR2VBKYqWnYFnCk68FJrIaKy', NULL, NULL, '2024-11-10 02:00:33', 'Love & Peace', '內湖區'),
(79, '劉育廷', '小雅', '男', '2005-04-11', '台中市', 'test079', NULL, 'test079@tt.com', '$2b$10$2YqC3IVAgNm9PwXev.rWruudsq64gr1u2/OuyJIqamv.WvYILz6kW', NULL, NULL, '2024-11-10 02:17:32', 'Love & Peace', '東區'),
(80, '王詠晴', 'James', '女', '1987-12-10', '台北市', 'test080', NULL, 'test080@tt.com', '$2b$10$5UUW81bdmoICZyt/yxvTgebt/SWQEOXgMFniF6F8y8Q8OWMYnPvka', NULL, NULL, '2024-11-10 17:54:02', 'Love & Peace', '內湖區'),
(81, '劉冠宇', '阿傑', '不透露', '1999-12-14', '新北市', 'test081', NULL, 'tt081@tt.com', '$2b$10$OfP6sSv702lbA/HIWrgkNeoQRS1kZkoqzuqymL8MCggCYXEcj77.a', NULL, NULL, '2024-11-10 18:20:55', 'Love & Peace', '新莊區'),
(82, '黃柏睿', '路易', '男', '1994-10-11', '台北市', 'test082', NULL, 'test082@tt.com', '$2b$10$ftfQQ3uyb8jOxY7yPB.KVuSgObKbBswhOJfmD.3q507Pelk4D4K6.', NULL, NULL, '2024-11-11 09:40:50', 'Love & Peace', '南港區'),
(83, '李品妍', '皮皮', '女', '1991-01-28', '新北市', 'test083', NULL, 'test083@tt.com', '$2b$10$VkxF7uhocF07C0wwUS8pE.i.m0E.vvDi1/vv4DNjZl1dpm.ZkaKLq', NULL, NULL, '2024-11-11 09:42:55', 'Love & Peace', '土城區'),
(84, '張冠廷', '路易', '不透露', '1974-06-19', '新北市', 'test084', NULL, 'test084@tt.com', '$2b$10$9HlKl47PUIMTaabQyruL9OQyRN.5U9UEvzapQoc3mAHIVLmVjnFkK', NULL, NULL, '2024-11-11 09:44:24', 'Love & Peace', '新莊區'),
(85, '鄭冠廷', '小美', '男', '2004-11-25', '台中市', 'test085', NULL, 'test085@tt.com', '$2b$10$CvN/5lVgzzz/kkQBqFZCz.khVS4DZyfL6D49FfhgNbvlMiV1M4.nO', NULL, NULL, '2024-11-11 21:32:05', 'Love & Peace', '石岡區'),
(86, '蔡宜蓁', '阿傑', '女', '1985-02-04', '新北市', 'test086', NULL, 'test086@tt.com', '$2b$10$qpL7iC/knfcYDRV0JzwEVOkU5.L8i0TTGQAZIjuJv6iAMg6CBUtgy', NULL, NULL, '2024-11-11 21:51:23', 'Love & Peace', '三重區'),
(87, '蔡宜睿', 'David', '不透露', '1992-05-16', '台中市', 'test087', NULL, 'test087@tt.com', '$2b$10$GX1jcbm7AIKngfBGNVN7auHc6yJIs7I2uTd35.Frf97OcFhQ44dIK', NULL, NULL, '2024-11-12 18:33:36', 'Love & Peace', '梧棲區'),
(88, '郭柏宇', '阿爆', '男', '1989-12-05', '台中市', '$2b$10$N1uLUEpBFFXUvcXQxgj5J..lLErvHcLi2lEYqUsVGFTaNySyhS8qO', NULL, 'qwe', '$2b$10$pkqs4D/81so2AteFIwMdC.swkaRh/j4OTVyGOP4/h4ttV91VQzTHm', NULL, NULL, '2024-11-12 18:42:57', 'Love & Peace', '北區'),
(89, '王品好', 'Eric', '女', '1982-10-06', '新北市', 'test089', NULL, 'test089@tt.com', '$2b$10$Y6QnPtngHk6HO61Xvmr1j.Y7SmFR2b1Z2ts0o6o0M9C9wuStzmIdu', NULL, NULL, '2024-11-12 18:46:15', 'Love & Peace', '石門區'),
(102, '', 'test090', '', '2024-11-06', '新北市', 'test090', NULL, 'test090@tt.com', '$2b$10$rx0q2CmiPJzo979D0WDWIOjuvAKzGm2xQQQ1VSUb0z1Nr48JQbr1a', NULL, NULL, '2024-11-15 21:27:06', NULL, '中和區'),
(103, '', 'test091', '', '2024-11-01', '新北市', 'test091', NULL, 'test091@tt.com', '$2b$10$7ZPS35NH2X5sz9nHUhKazuDCekCoh9Q69sNTzMlyOep8A5It1ZWOe', NULL, NULL, '2024-11-15 21:30:15', NULL, '三重區'),
(104, '', 'nickname', '', '2024-11-01', '台北市', 'account', NULL, 'test@t.com', '$2b$10$71CoBLec5j/iGGxV.i45ruu8FMatSJ9d0HsIsaTk2BM4cmwaxCqsa', NULL, NULL, '2024-11-15 21:32:36', NULL, '中正區'),
(105, '', '阿呆', '', '2024-11-07', '新北市', 'taiiii', NULL, 'taai@tt.com', '$2b$10$965FY/Ow.a/8sF6m6wFZ8OYwXMh14wcyC16/NIToiWeqWdP8L9GkC', NULL, NULL, '2024-11-15 21:42:49', NULL, '中和區'),
(106, '', '呆呆', '', '2024-11-01', '新北市', 'taiiiii', NULL, 'tei@tt.com', '$2b$10$A1jSfCNQiNZoaqwIggXw5erIMO82ppxFFn9FpMCXtgQQzDJw6c6LG', NULL, NULL, '2024-11-15 22:05:43', NULL, '三重區'),
(107, '', '一定愛成功', '', '2024-11-07', '基隆市', 'susssss', NULL, 'wer@g.sdf', '$2b$10$kGC7O433mkURBtFH/avKue1dqvLg60Ij8eBng7Ef.zSfVsuu3wlQm', NULL, NULL, '2024-11-15 22:12:35', NULL, '信義區'),
(108, '', '有嗎', '', '2024-11-06', '新北市', 'werwer', NULL, 'rewr@rewer.com', '$2b$10$fOIdDpp7l267eT1kylw/LeEl8mLeXhsL3/tcMql5EXum8KdIrYR.K', NULL, NULL, '2024-11-15 22:45:04', NULL, '三重區'),
(109, '', '要吧', '', '2024-11-06', '新北市', 'lwkejtewt', NULL, 'ksjt@tt.com', '$2b$10$U24chLxMB2k96n/zrVTFLOCK2bXFZKfljeFqKljREmCLYuGnBfL82', NULL, NULL, '2024-11-15 22:53:05', NULL, '板橋區'),
(110, '', '好累啊啊啊啊啊', '', '2024-11-01', '台北市', 'rwlkejrlkwjr', NULL, 'twet@tt.com', '$2b$10$pscxTJYnnNGa2IRAKK0tne6Utgtk8Hwx0RrAR8qucInuJzsqhBj5y', NULL, NULL, '2024-11-16 00:21:49', NULL, '中正區'),
(111, '', '啊啊啊怎模辦', '', '2024-11-12', '基隆市', 'howhowwww', NULL, 'eklwjr@tt.com', '$2b$10$2h9A5y4X.z9URx6OoM3CE.r67k0UGDNTUni7GyDNfoHgM3qhqnyZy', NULL, NULL, '2024-11-16 00:24:57', NULL, '信義區'),
(112, '', '到底要多久！！', '', '2024-11-07', '台北市', 'lkfjwlkej', NULL, 'rlkwej@tt.com', '$2b$10$ELxejwwVCjfiVrwU/3V7H.ElHTCDJwItoGZrIs1Oe9jlMWE98gfjq', NULL, NULL, '2024-11-16 00:31:09', NULL, '中正區'),
(113, '', '到底要多久', '', '2024-11-04', '台北市', 'test12345677', NULL, 'lwekj@tt.com', '$2b$10$PoxIczfrT8hSZLLtEyrprOtlKMbPrWO8LnEy2.ixgpZS0khys5LNG', NULL, NULL, '2024-11-16 00:38:02', NULL, '中正區'),
(114, '', '何不底爸', '', '2024-10-05', '台北市', 'howtodebug', NULL, 'werlkjwe@tt.com', '$2b$10$cMG5sSLFk0OJcXwALyF6OeIJGCEtmyp4qodmHQ7yIaWwRRTLzkg/y', NULL, NULL, '2024-11-16 05:55:28', NULL, '大安區'),
(115, '', 'toodydebug', '', '2024-10-30', '台北市', 'toodydebug', NULL, 'tootoo@gmail.com', '$2b$10$A9jUJLpg.L15nSB7wK7mxeoqsT0Cr7aRia8VkKo6P3gMWxSoC8ZrW', NULL, NULL, '2024-11-16 05:58:33', NULL, '信義區'),
(116, '', 'testlala', '', '2024-11-20', '新北市', 'lalala', NULL, 'alksfj@gmail.com', '$2b$10$TwomAbCZSQ9XxkeSfFOAUeCyVsqPWKcg5F8eW7Cw0I3SwpRZTkBLq', NULL, NULL, '2024-11-16 06:00:49', NULL, '中和區'),
(117, '', 'test38', '', '2024-11-06', '台北市', 'test38', NULL, 'jjlskdjf@gmail.com', '$2b$10$euqNmrpw.7PsnktDYJhIdexroI2TbaHCgr1rQKeqUWuR75sigfBau', NULL, NULL, '2024-11-16 06:15:29', NULL, '松山區'),
(118, '', 'test3388', '', '2024-11-20', '基隆市', 'test3388', NULL, 'sjdfl@gmail.com', '$2b$10$VS5/z9Ys0QRK0CglZkJZgOrOQF2epUSZw.tcgfof9j/xzTAFfS.uG', NULL, NULL, '2024-11-16 06:16:17', NULL, '信義區'),
(119, '', 'test538', '', '2024-08-09', '新北市', 'test538', NULL, 'jsalf@gmail.com', '$2b$10$XRqftdV0EqI5DiAsCF8Pl.ET8blM6xSK9rWIJ45OYOYSusdSHOzYy', NULL, NULL, '2024-11-16 06:17:08', NULL, '三重區'),
(120, '', 'lalalovesong', '', '2024-11-13', '台北市', 'lalalovesong', NULL, 'sjdlf@gmail.com', '$2b$10$oRp67ZVo6crWoF8DZb.z2epfXVfqoxQK9xv8MJY2QWnsqSu4Yk2ze', NULL, NULL, '2024-11-16 07:57:45', NULL, '中正區'),
(121, '', 'lalalaUser', '', '2024-11-14', '新北市', 'lalalaUser', NULL, 'lakjdf@gmail.com', '$2b$10$kzLl/G97JXr4SMcySJAo9u6zZsBouHzwcNSHqXWKpZPKHShCzKAx.', NULL, NULL, '2024-11-16 09:38:29', NULL, '三重區'),
(122, '', '阿呆', '', '2024-11-05', '台北市', 'daidai', NULL, 'test000@tt.com', '$2b$10$r1khkZXGxBo.90tjEM4k0OvOdEFKlmeIFpruHGAylFv4wV3bYGwvm', NULL, NULL, '2024-11-17 10:53:12', NULL, '中正區'),
(123, '阿怪', '阿怪', '男', '1999-04-05', '台北市', 'aln001', '0951355217', 'aln001@tt.com', '$2b$10$X4NEuNk2P68HeHrpImRWxO126gf.7IQF9qaD.2TMeVV1XI/FUcIMK', 1, 'member1.jpg', '2024-11-17 11:20:57', '有耐心的人才能讓願望實現。', '大安區'),
(124, '阿亮', '阿亮', '不透露', '1991-12-05', '新北市', 'aln002', '0910841785', 'aln002@tt.com', '$2b$10$FHiz/lgjK8QOKgAUIymqsuvPNoFMzFjv1g6eXmIVZ4aQwBeXAbSoG', 1, 'member2.jpg', '2024-11-17 11:20:57', '永不放棄是你夢想實現的唯一秘訣。', '板橋區'),
(125, '阿爆', '阿爆', '不透露', '1998-12-12', '台中市', 'aln003', '0999880880', 'aln003@tt.com', '$2b$10$3PyFuuv6.P9MTKORMPRJE.eOU52i1l9CmHsYDXiHGLyn9kAuAMhaa', 1, 'member3.jpg', '2024-11-17 11:20:57', '比別人多一點執著，你就會創造奇蹟。', '西屯區'),
(126, '阿凱', '阿凱', '不透露', '2008-08-24', '台北市', 'aln004', '0978578432', 'aln004@tt.com', '$2b$10$9mlWp/HQhFKUFrtE/nubGuGZWHOabh86MzImmY03CsoONcjocmfXW', 1, 'member4.jpg', '2024-11-17 11:20:57', '每天醒來，敲醒自己的不是鐘聲，而是夢想。', '大安區'),
(127, '大山', '大山', '不透露', '1991-01-24', '台中市', 'aln005', '0917362583', 'aln005@tt.com', '$2b$10$aTIZQlN6f/eQL6LaHuMu7OfF8W6ABoZkyfEyc0avNQF7hi9sDQ.7e', 1, 'member5.jpg', '2024-11-17 11:20:57', '擁有夢想只是一種智力，實現夢想才是一種能力。', '大安區'),
(128, '毛毛', '毛毛', '不透露', '1993-03-15', '台北市', 'aln006', '0955841234', 'aln006@tt.com', '$2b$10$ZrR8Nud5ehwlwJbzjHZISOtw8KKhBnHbPwCAT0G79tVkSRk7n1uqq', 1, 'member6.jpg', '2024-11-17 11:20:57', '永遠不要放棄你真正想要的東西；等待雖難，但後悔更甚。', '大安區'),
(129, '卡比', '卡比', '不透露', '2001-07-22', '台北市', 'aln007', '0965123345', 'aln007@tt.com', '$2b$10$N.1V9dluRP7bWpWc3wh5uulO.9C8Vi2X5z.7uPM.IeokoHH7kw9tq', 1, 'member7.jpg', '2024-11-17 11:20:57', '想一千次，不如努力的去試一次。華麗的跌倒，勝過無謂的徘徊。', '大安區'),
(130, '小雅', '小雅', '不透露', '1995-11-30', '台北市', 'aln008', '0987654321', 'aln008@tt.com', '$2b$10$vvrWGnWDOKv0OiNyoZw1u.LgBaogjMfQ0FVLui3nYywzTdByyuG1i', 1, 'member8.jpg', '2024-11-17 11:20:57', '當你能飛的時候就盡情去飛。當你有夢的時候就盡力去追。', '大安區'),
(131, '皮皮', '皮皮', '不透露', '2004-05-19', '台北市', 'aln009', '0971122334', 'aln009@tt.com', '$2b$10$4BI1b6cLuMAAeAMVUffvOea2uexDU1FsWP3hj5XU7WSYztBB8ww9S', 1, 'member9.jpg', '2024-11-17 11:20:57', '一切偉大的行為以及夢想，都有一個微乎其微的開始。', '大安區'),
(132, '小美', '小美', '不透露', '2000-09-07', '台北市', 'aln010', '0954433221', 'aln010@tt.com', '$2b$10$gd14IwSpwSK0NlsxKfxswebPlavp5SoqHCdKSfF1RSOuP2I/Xpvjq', 1, 'member10.jpg', '2024-11-17 11:20:57', '擁有夢想的人，不做選擇題，他們只做證', '大安區'),
(133, '小美', '小美', '不透露', '2000-09-07', '台北市', 'aln011', '0954433221', 'aln010@tt.com', '$2b$10$Xe1BLRt/OPKYJl1wQitzpekVtd0xG5F5zzLF8xTEZhblQWRJxBcea', 1, 'member11.jpg', '2024-11-17 11:29:47', '擁有夢想的人，不做選擇題，他們只做證', '大安區'),
(134, '皮皮', '皮皮', '不透露', '2004-05-19', '台北市', 'aln012', '0971122334', 'aln009@tt.com', '$2b$10$VAFWmo4XkYlMt1i4S0K2PeD.v37SvqfdxQUimZWl...rfhn7cmvMO', 1, 'member12.jpg', '2024-11-17 11:29:47', '一切偉大的行為以及夢想，都有一個微乎其微的開始。', '大安區'),
(135, '小雅', '小雅', '不透露', '1995-11-30', '台北市', 'aln013', '0987654321', 'aln008@tt.com', '$2b$10$ns3O6nA/wbLo820WOaqBie8YR1luizOyuRxOpSFUYNiAx3PPRyDs2', 1, 'member13.jpg', '2024-11-17 11:29:47', '當你能飛的時候就盡情去飛。當你有夢的時候就盡力去追。', '大安區'),
(136, '卡比', '卡比', '不透露', '2001-07-22', '台北市', 'aln014', '0965123345', 'aln007@tt.com', '$2b$10$FCzlawo5ei5awHDwPJdst.C6InrShAhOErmhDmW/HtoOE6of/Z46q', 1, 'member14.jpg', '2024-11-17 11:29:47', '想一千次，不如努力的去試一次。華麗的跌倒，勝過無謂的徘徊。', '大安區'),
(137, '毛毛', '毛毛', '不透露', '1993-03-15', '台北市', 'aln015', '0955841234', 'aln006@tt.com', '$2b$10$JoBVztqZBVz/IlCyzmgHHuUy.l86PVSnPElUVJnxfppyvoJvjbkUO', 1, 'member15.jpg', '2024-11-17 11:29:47', '永遠不要放棄你真正想要的東西；等待雖難，但後悔更甚。', '大安區'),
(138, '大山', '大山', '不透露', '1991-01-24', '台北市', 'aln016', '0917362583', 'aln005@tt.com', '$2b$10$HWMIOGtWsRSz8Iq8vOaTfejNK0HRd4bi0ll7wkqEa8SHlqVuWGsii', 1, 'member16.jpg', '2024-11-17 11:29:47', '擁有夢想只是一種智力，實現夢想才是一種能力。', '大安區'),
(139, '阿凱', '阿凱', '不透露', '2008-08-24', '台北市', 'aln017', '0978578432', 'aln004@tt.com', '$2b$10$Q152y/4aTZcR6KDRjtK2Ceenca4AHcyMn5Z/tKO0/nSJbL.9mXQoO', 1, 'member17.jpg', '2024-11-17 11:29:47', '每天醒來，敲醒自己的不是鐘聲，而是夢想。', '大安區'),
(140, '阿爆', '阿爆', '不透露', '1998-12-12', '台北市', 'aln018', '0999880880', 'aln003@tt.com', '$2b$10$fTcETQVhaiuUobCtDyL4jOZPAkVD6M.sDxmQxZlZuWUFdFUamsMoW', 1, 'member18.jpg', '2024-11-17 11:29:47', '比別人多一點執著，你就會創造奇蹟。', '西屯區'),
(141, '阿亮', '阿亮', '不透露', '1991-12-05', '新北市', 'aln019', '0910841785', 'aln002@tt.com', '$2b$10$OuYr7zeEBb3yicOlRAaOGePIkGEo/qd5xyW6fcXqBmQOZTfwLWvqa', 1, 'member19.jpg', '2024-11-17 11:29:47', '永不放棄是你夢想實現的唯一秘訣。', '板橋區'),
(142, '阿怪', '阿怪', '不透露', '1999-04-05', '台北市', 'aln020', '0951355217', 'aln001@tt.com', '$2b$10$.hjQbVSwHtsjCH3KiMu94Odk5GCnQew/QM3eclj9q6ppoV340Rpbu', 1, 'member20.jpg', '2024-11-17 11:29:47', '有耐心的人才能讓願望實現。', '大安區'),
(143, '小美', '小美', '不透露', '2000-09-07', '台北市', 'aln021', '0954433221', 'aln010@tt.com', '$2b$10$sbcTfEeq6LzVrR.ea7bcTuLyBaB4ZSgEV4wp/2le9Tw6zq99YmYDK', 1, 'member21.jpg', '2024-11-17 11:29:47', '擁有夢想的人，不做選擇題，他們只做證', '大安區'),
(144, '皮皮', '皮皮', '不透露', '2004-05-19', '台北市', 'aln022', '0971122334', 'aln009@tt.com', '$2b$10$9DaWNeWDVM5/BYSNPLzGyeFkh3mOSGLioPm18zS0W5lg/uYwV48Pe', 1, 'member22.jpg', '2024-11-17 11:29:47', '一切偉大的行為以及夢想，都有一個微乎其微的開始。', '大安區'),
(145, '小雅', '小雅', '不透露', '1995-11-30', '台北市', 'aln023', '0987654321', 'aln008@tt.com', '$2b$10$aLwrpSRgn/xSxKUGwOdAF.DAKCYHzUptf/jsXR4KaQh4uuZILveES', 1, 'member23.jpg', '2024-11-17 11:29:47', '當你能飛的時候就盡情去飛。當你有夢的時候就盡力去追。', '大安區'),
(146, '卡比', '卡比', '不透露', '2001-07-22', '台北市', 'aln024', '0965123345', 'aln007@tt.com', '$2b$10$LET00LUqw0U0o60DujJyh.deMRXeGt5nLm36Qtp9z6JCrhqcr2Ciq', 1, 'member24.jpg', '2024-11-17 11:29:47', '想一千次，不如努力的去試一次。華麗的跌倒，勝過無謂的徘徊。', '大安區'),
(147, '毛毛', '毛毛', '不透露', '1993-03-15', '台北市', 'aln025', '0955841234', 'aln006@tt.com', '$2b$10$SQvnVZ7yYi9a6IVt1XX7teec/HtLBTRBmdZgk0RAfMD/SJMcdX5CC', 1, 'member25.jpg', '2024-11-17 11:29:47', '永遠不要放棄你真正想要的東西；等待雖難，但後悔更甚。', '大安區'),
(148, '大山', '大山', '不透露', '1991-01-24', '台北市', 'aln026', '0917362583', 'aln005@tt.com', '$2b$10$yoIsxrhmNmQ6hOKS7pz39uB8CybTvzirT2G437p2aaQkKaTnZU432', 1, 'member26.jpg', '2024-11-17 11:29:47', '擁有夢想只是一種智力，實現夢想才是一種能力。', '大安區'),
(149, '阿凱', '阿凱', '不透露', '2008-08-24', '台北市', 'aln027', '0978578432', 'aln004@tt.com', '$2b$10$On2E0HftNRgU.EvkZi0Vyeoj7JifGWdQKTHmBnRxIJ4aYiQqKD2yC', 1, 'member27.jpg', '2024-11-17 11:29:47', '每天醒來，敲醒自己的不是鐘聲，而是夢想。', '大安區'),
(150, '阿爆', '阿爆', '不透露', '1998-12-12', '台北市', 'aln028', '0999880880', 'aln003@tt.com', '$2b$10$eg5Qn1baLvgL60ZlCH0WhOzAl8T6fx83F9Q5KC02jAtW1katZnhSi', 1, 'member28.jpg', '2024-11-17 11:29:47', '比別人多一點執著，你就會創造奇蹟。', '西屯區'),
(151, '阿亮', '阿亮', '不透露', '1991-12-05', '新北市', 'aln029', '0910841785', 'aln002@tt.com', '$2b$10$VkjcqAOD/vVIw5WsyObqW.cXFq6BKWdRtcussZa2IvF4g4LA3Wcdq', 1, 'member29.jpg', '2024-11-17 11:29:47', '永不放棄是你夢想實現的唯一秘訣。', '板橋區'),
(152, '阿怪', '阿怪', '不透露', '1999-04-05', '台北市', 'aln030', '0951355217', 'aln001@tt.com', '$2b$10$hFDzNK1UpXM6YZPSkdLiBeU/ivkFHV8/4hKWa3YHGHMRUaLhz2/He', 1, 'member30.jpg', '2024-11-17 11:29:47', '有耐心的人才能讓願望實現。', '大安區'),
(153, '小美', '小美', '不透露', '2000-09-07', '台北市', 'aln031', '0954433221', 'aln010@tt.com', '$2b$10$wl5xz5RugNRz38Jhlg.U/eJsr00nXcU.O0gb6LuiR7WourHSxDfsS', 1, 'member31.jpg', '2024-11-17 11:31:13', '擁有夢想的人，不做選擇題，他們只做證', '大安區'),
(154, '皮皮', '皮皮', '不透露', '2004-05-19', '台北市', 'aln032', '0971122334', 'aln009@tt.com', '$2b$10$.IIUWS2f5cghJ8Q4BkN4Z.XZurXqF2sAz9Ps6rtlBf4ZdkaJqHgxS', 1, 'member32.jpg', '2024-11-17 11:31:13', '一切偉大的行為以及夢想，都有一個微乎其微的開始。', '大安區'),
(155, '小雅', '小雅', '不透露', '1995-11-30', '台北市', 'aln033', '0987654321', 'aln008@tt.com', '$2b$10$52eSRtO0PyZpBOXixuatAefAHlS0kUu.96KTo0V/F5dZmgJp90UYq', 1, 'member33.jpg', '2024-11-17 11:31:13', '當你能飛的時候就盡情去飛。當你有夢的時候就盡力去追。', '大安區'),
(156, '卡比', '卡比', '不透露', '2001-07-22', '台北市', 'aln034', '0965123345', 'aln007@tt.com', '$2b$10$Hsjd/fbziu1amoa5D04NGuhYUc4c1QNDVOwVlwlh2TwElHAzXQELm', 1, 'member34.jpg', '2024-11-17 11:31:13', '想一千次，不如努力的去試一次。華麗的跌倒，勝過無謂的徘徊。', '大安區'),
(157, '毛毛', '毛毛', '不透露', '1993-03-15', '台北市', 'aln035', '0955841234', 'aln006@tt.com', '$2b$10$SquDq/mMFEQ.qErUBEXbZugfEZGt.GTqvSHsY3U8BGAnZ.DOdwaAm', 1, 'member35.jpg', '2024-11-17 11:31:13', '永遠不要放棄你真正想要的東西；等待雖難，但後悔更甚。', '大安區'),
(158, '大山', '大山', '不透露', '1991-01-24', '台北市', 'aln036', '0917362583', 'aln005@tt.com', '$2b$10$xu6qWi3DQYBetdppnpUBaO4IdUpysz8QTn.vnhr.9W9c62I8ClHfS', 1, 'member36.jpg', '2024-11-17 11:31:13', '擁有夢想只是一種智力，實現夢想才是一種能力。', '大安區'),
(159, '阿凱', '阿凱', '不透露', '2008-08-24', '台北市', 'aln037', '0978578432', 'aln004@tt.com', '$2b$10$YbrEaCdOzprycUMAqn5du.FEhVdwSPbB..IoABIwstSfqy2eqhSl.', 1, 'member37.jpg', '2024-11-17 11:31:13', '每天醒來，敲醒自己的不是鐘聲，而是夢想。', '大安區'),
(160, '阿爆', '阿爆', '不透露', '1998-12-12', '台北市', 'aln038', '0999880880', 'aln003@tt.com', '$2b$10$.ASvtdat9eR2s4pteYozBuR2jMlYaonBrMn2xXf4t9M0uBt35TS82', 1, 'member38.jpg', '2024-11-17 11:31:13', '比別人多一點執著，你就會創造奇蹟。', '西屯區'),
(161, '阿亮', '阿亮', '不透露', '1991-12-05', '新北市', 'aln039', '0910841785', 'aln002@tt.com', '$2b$10$IcHPFY1QwsF2t.y3j6TWf.mbeTdT2MKlbtPKLcf6NdBBSlTPB3DVu', 1, 'member39.jpg', '2024-11-17 11:31:13', '永不放棄是你夢想實現的唯一秘訣。', '板橋區'),
(162, '阿怪', '阿怪', '不透露', '1999-04-05', '台北市', 'aln040', '0951355217', 'aln001@tt.com', '$2b$10$E4HCoYkvP00bDwdgEoSffewveQnhC0CcqT46hL2gju.eCLoqA5H1G', 1, 'member40.jpg', '2024-11-17 11:31:13', '有耐心的人才能讓願望實現。', '大安區'),
(163, '小美', '小美', '不透露', '2000-09-07', '台北市', 'aln041', '0954433221', 'aln010@tt.com', '$2b$10$IYI9n.0LZkXg0f3WOCyJ9uHGVwaVOVNc5km3XPkTdVcGIIBJV8N2.', 1, 'member41.jpg', '2024-11-17 11:31:13', '擁有夢想的人，不做選擇題，他們只做證', '大安區'),
(164, '皮皮', '皮皮', '不透露', '2004-05-19', '台北市', 'aln042', '0971122334', 'aln009@tt.com', '$2b$10$V0W2bofbqyK2eOlPVX.pn.c8wZVRxkDeYwTTdhKF9gzggS3WNE.n2', 1, 'member42.jpg', '2024-11-17 11:31:13', '一切偉大的行為以及夢想，都有一個微乎其微的開始。', '大安區'),
(165, '小雅', '小雅', '不透露', '1995-11-30', '台北市', 'aln043', '0987654321', 'aln008@tt.com', '$2b$10$G3bF6h/cUCYJL3v.lGs/MuNDxfUriEN9nOGRm7DGmFAdWwN40UUbu', 1, 'member43.jpg', '2024-11-17 11:31:13', '當你能飛的時候就盡情去飛。當你有夢的時候就盡力去追。', '大安區'),
(166, '卡比', '卡比', '不透露', '2001-07-22', '台北市', 'aln044', '0965123345', 'aln007@tt.com', '$2b$10$bToweVlHvWib6tSoH3vl.u6Npj4byqanedIswfZYxfza5mKFZBW9K', 1, 'member44.jpg', '2024-11-17 11:31:13', '想一千次，不如努力的去試一次。華麗的跌倒，勝過無謂的徘徊。', '大安區'),
(167, '毛毛', '毛毛', '不透露', '1993-03-15', '台北市', 'aln045', '0955841234', 'aln006@tt.com', '$2b$10$WcWGb4dgciSGkbKWEHm/JuinUmcv7Bg28yWwrdltF1aKzp5wykgy6', 1, 'member45.jpg', '2024-11-17 11:31:13', '永遠不要放棄你真正想要的東西；等待雖難，但後悔更甚。', '大安區'),
(168, '大山', '大山', '不透露', '1991-01-24', '台北市', 'aln046', '0917362583', 'aln005@tt.com', '$2b$10$VDPncOKU273fW3Bcz45ndeXdYP8hT9ugwZH/J3B0rOnVFxlxBWQjO', 1, 'member46.jpg', '2024-11-17 11:31:13', '擁有夢想只是一種智力，實現夢想才是一種能力。', '大安區'),
(169, '阿凱', '阿凱', '不透露', '2008-08-24', '台北市', 'aln047', '0978578432', 'aln004@tt.com', '$2b$10$FQJXG7Hl68RVyJe4UKArSuQjoqn7VEi0LobXDZRgE47H2XhIPI5IO', 1, 'member47.jpg', '2024-11-17 11:31:13', '每天醒來，敲醒自己的不是鐘聲，而是夢想。', '大安區'),
(170, '阿爆', '阿爆', '不透露', '1998-12-12', '台北市', 'aln048', '0999880880', 'aln003@tt.com', '$2b$10$ZM92sI8wNHLRLOQzWJVGKe7VbknGvZxFBbZS2jR0hEZtL.PbV7.ni', 1, 'member48.jpg', '2024-11-17 11:31:13', '比別人多一點執著，你就會創造奇蹟。', '西屯區'),
(171, '阿亮', '阿亮', '不透露', '1991-12-05', '新北市', 'aln049', '0910841785', 'aln002@tt.com', '$2b$10$hFqVN.tDD4zmRWeDJarLFeqf.F8jJSgzjFW.U.eqFzpzGy4FRVP1m', 1, 'member49.jpg', '2024-11-17 11:31:13', '永不放棄是你夢想實現的唯一秘訣。', '板橋區'),
(172, '阿怪', '阿怪', '不透露', '1999-04-05', '台北市', 'aln050', '0951355217', 'aln001@tt.com', '$2b$10$J0GNtmYH4zoo1p8rvkB7I.BBNNaLJzq3MrkP5ds/Nt799hn54kLly', 1, 'member50.jpg', '2024-11-17 11:31:13', '有耐心的人才能讓願望實現。', '大安區'),
(173, '', '咖啡', '', '2024-11-01', '雲林縣', 'coffee', NULL, 'coffee@tt.com', '$2b$10$9mszLYyTu9q1Yq46NIsWDOlcXf./0f9aX8h8vRZqiEACKe3lrSeGa', NULL, NULL, '2024-11-18 09:56:09', '咖啡好喝每天喝', '莿桐鄉'),
(174, '', '阿呆誒', '不透露', '2024-11-01', NULL, 'adaiiii', NULL, 'adaiiii@tt.com', '$2b$12$kjpmD5cLRw8hYuutaULy0.240BrhSv6ZL6s7UMcmL2xjZaouD1OHO', NULL, '/uploads/mem-icons/1731962873495-146813565-æªå 2024-09-19 ä¸å11.54.51 2.png', '2024-11-18 12:45:54', '95加滿', '中和區'),
(175, '', '乖乖', '', '2024-11-01', '基隆市', 'guaiii', NULL, 'guaiii@tt.com', '$2b$10$QMqdaPWbKrqDSijEtvZAFuEVbDUlwZBt7FtFsXk/GHhjhyUKDmuWm', NULL, NULL, '2024-11-18 12:54:24', '五香乖乖', '仁愛區'),
(176, '', '阿怪你才怪', '男', '2024-11-01', '台北市', 'guguaiai', NULL, 'guguaiai@tt.com', '$2b$10$S7Uqx8huDIiwC852rsyEXO6i2/MNT7vvEtIo0QJ.76SYf3riLWJeC', NULL, '/uploads/mem-icons/1731963900612-489568945-æªå 2024-09-19 ä¸å11.54.51 2.png', '2024-11-18 13:04:21', '我們叫他阿怪', '中正區'),
(177, '', 'test177yo', '男', '2024-11-01', '台北市', 'test177', NULL, 'test177@tt.com', '$2b$12$GYrYr.s0QutXLT6ZgPLtruLss9VF8nYoEpc1HIchcvRmW5Mi2XWPG', NULL, NULL, '2024-11-18 19:05:39', 'test177', '中正區'),
(178, '', 'test178', '不透露', '2024-11-04', '台北市', 'test178', NULL, 'test178@tt.com', '$2b$10$fwetCsLpWbzWXyqCnv6yf.T8o40q7FvNX/N.KT0UOYeCNOCALOohG', NULL, NULL, '2024-11-18 19:08:42', '咖啡好喝', '中正區'),
(179, '', 'test180', '', '2024-11-08', '新北市', 'ttttttt', NULL, 'wetw@tt.com', '$2b$10$kWr7w3ALm5gDp/gHMm.QJ.B5oIIebCl57NLcPWfozqquBZyUKfKua', NULL, NULL, '2024-11-18 22:35:51', NULL, '三重區'),
(180, '', 'sdfsdf', '', '2024-11-07', '台北市', 'sdfsdfsd', NULL, 'sdfsdf@ttq.com', '$2b$10$Ag0PoeYHO9PDlRDH1gUfbOLmUIbY3qVTyHi4Rb127HVaXzmlD4ySi', NULL, NULL, '2024-11-18 22:41:44', NULL, '大同區'),
(181, '', 'elkwjrlkwej', '', '2024-11-05', '新北市', 'rlkewjlkrj@', NULL, 'rwe@tt.com', '$2b$10$JEl06Z925FEf9tAjrb.mh.qWkqchD8yQTdMQP7nsFw3PTT9T5zTXm', NULL, NULL, '2024-11-18 22:49:15', NULL, '板橋區'),
(182, '', 'dfgdfg', '', '2024-11-01', '嘉義縣', 'dfgdfg', NULL, 'dfgdfg@tt.com', '$2b$10$zxJEqJwWgH2kGA/5PlU1vuDmzrETDiDLZRRcE3vEqcTGmaLuYIYL6', NULL, NULL, '2024-11-19 07:18:00', NULL, '大林鎮'),
(183, '', 'yoyoyoweee', '女', '2024-11-14', '嘉義縣', 'test182', NULL, 'test182@tt.com', '$2b$12$ROveDm/J01Ajwu8i6l015eTwjpLNe40fevbVzim4otVwJFcX0p1Yu', NULL, '/uploads/mem-icons/1732006059600-306763705-05.jpg', '2024-11-19 08:47:14', 'hehehehehee', '溪口鄉'),
(184, '', 'bn,bn,', '男', '2024-11-06', '新北市', 'dfhdfhd', NULL, 'ddhfh@tt.com', '$2b$10$HDNawYEBOXoShZeQIACqKuvPaJ3CEN9V8mHxGXBnRxcPtFhdAU5uq', NULL, NULL, '2024-11-19 08:49:26', 'dfgdfg', '三重區');

-- --------------------------------------------------------

--
-- 資料表結構 `pp_albums`
--

CREATE TABLE `pp_albums` (
  `p_albums_id` int NOT NULL,
  `p_albums_title` varchar(255) NOT NULL,
  `p_albums_artist` varchar(255) NOT NULL,
  `p_albums_description` text NOT NULL,
  `p_albums_price` decimal(10,2) NOT NULL,
  `p_albums_release_date` date NOT NULL,
  `p_albums_delivery_methods` varchar(100) NOT NULL,
  `p_albums_stock` int NOT NULL,
  `p_albums_created_at` timestamp NULL DEFAULT CURRENT_TIMESTAMP,
  `p_albums_updated_at` timestamp NULL DEFAULT CURRENT_TIMESTAMP ON UPDATE CURRENT_TIMESTAMP,
  `p_albums_engdescription` text
) ENGINE=InnoDB DEFAULT CHARSET=utf8mb3;

--
-- 傾印資料表的資料 `pp_albums`
--

INSERT INTO `pp_albums` (`p_albums_id`, `p_albums_title`, `p_albums_artist`, `p_albums_description`, `p_albums_price`, `p_albums_release_date`, `p_albums_delivery_methods`, `p_albums_stock`, `p_albums_created_at`, `p_albums_updated_at`, `p_albums_engdescription`) VALUES
(1, '夢中繁星', '李佳霏', '在夢的境界裡，繁星閃爍，音樂帶來無限的遐想。這張專輯如同在深夜裡的天空，閃爍著微弱而美麗的星光。每一首歌曲都充滿了夢幻般的元素，仿佛能帶著聽眾穿越至一個異次元的世界。這些音符不僅喚起了心靈深處的情感，還引發了對未來的無限遐想。每個人都能在這些旋律中找到自己的心靈共鳴，從而進入一個完全不一樣的境界。音樂在這裡像一顆顆閃爍的星星，帶領著聽者遨遊在遼闊的宇宙間，感受那無盡的寧靜與美麗。隨著每一首歌的展開，聽眾彷彿能夠感受到星光的撫慰，將內心的焦慮與煩憂拋開，投入到夢幻般的音樂旅程中。這些音符不僅是旋律的交織，更是情感的傳遞，像星空中每一顆閃亮的星星，都訴說著一個動人的故事。', 345.00, '2022-02-16', '宅配', 176, '2024-09-13 18:31:33', '2024-11-13 05:37:42', 'In the realm of dreams, stars twinkle, and music brings endless imagination. This album is like the sky in the deep night, shimmering with faint yet beautiful starlight. Each song is filled with dreamlike elements, as if it could take the listener into another dimension. These notes not only evoke emotions from deep within the soul but also inspire infinite thoughts about the future. Everyone can find their own soul connection in these melodies and enter a completely different realm. Here, music is like twinkling stars, guiding the listener through the vast universe, feeling the infinite tranquility and beauty. As each song unfolds, the listener seems to feel the comfort of starlight, casting away inner anxiety and worries, and immersing themselves in a dreamlike musical journey. These notes are not just a weaving of melodies, but a transmission of emotions, like each bright star in the sky telling a moving story.'),
(2, '靈魂之歌', '李佳霏', '靈魂的共鳴如潮水般涌來，每一個音符都在訴說故事。這張專輯將音樂與情感深度結合，讓每一首歌都成為一段人生的故事。音樂的流動就像大海的潮汐，時而平靜，時而波濤洶湧，但每一次的變化都是情感深處的一次呼喊。每首歌曲都在述說著不為人知的心事，而那一段段旋律無聲地訴說著人生的故事，讓每一個聽者都能夠感同身受，並且找到自己與音樂之間的聯繫。這些音符如同潮汐般的來去，充滿著無限的情感波動，將每個聽者的心弦緊緊牽引。每首歌都是一個情感的縮影，或激動，或深沉，讓人感受到人生的各種面貌。音樂就像是心靈的翻譯者，幫助我們表達那些無法用語言表達的感受。', 270.00, '2023-09-18', '宅配', 138, '2024-09-24 16:38:14', '2024-11-13 05:37:42', 'The resonance of the soul surges like a tidal wave, each note telling a story. This album deeply combines music and emotion, making each song a part of a life story. The flow of music is like the tides of the sea, sometimes calm, sometimes tumultuous, but every change is a cry from deep within. Each song narrates secrets unknown to others, and the melodies silently tell the story of life, allowing every listener to empathize and find their connection with the music. These notes come and go like the tides, filled with endless emotional waves, pulling at the heartstrings of every listener. Each song is an emotional microcosm, whether excited or deep, letting one feel the different facets of life. Music is like the translator of the soul, helping us express feelings that cannot be spoken in words.'),
(3, '心潮起伏', '李佳霏', '情感如海浪拍打心岸，這音樂陪伴著每一個感動瞬間。這張專輯如同海浪拍打岸邊，既溫柔又強烈。每一首歌曲的旋律都蘊含著深深的情感，無論是愛的甜美還是失落的哀傷，都能在這些音符中找到表達的方式。音樂就像那迎面而來的海浪，時而平靜，時而洶湧，但每一波波的漣漪都在心底激起了情感的波動。每一段旋律都如海洋中的一次心靈洗禮，讓人沉浸其中，感受無比的觸動。隨著每一首歌的旋律，聽眾彷彿感受到海浪的拍擊，心靈的每一個角落都被音符撫摸。音樂帶來的感動就如同海洋般深邃，讓人無法抗拒地沉醉其中。每一首歌的情感，如同海水般無邊無際，浸透了心靈的每一寸土地。', 295.00, '2022-02-14', '宅配', 142, '2024-09-15 07:27:57', '2024-11-13 05:37:42', 'Emotions crash against the shores of the heart like ocean waves, and this music accompanies every touching moment. This album is like the waves hitting the shore, both gentle and strong. Each song’s melody contains deep emotions, whether the sweetness of love or the sorrow of loss, expressing them through the notes. Music is like the incoming waves, sometimes calm, sometimes roaring, but every ripple stirs emotions in the heart. Each melody is like a spiritual cleansing in the ocean, immersing the listener in it and providing deep emotional resonance. As each song unfolds, the listener seems to feel the impact of the waves, with every corner of the soul being touched by the notes. The emotions in the music are as vast and deep as the ocean, making it impossible to resist being immersed in it.'),
(4, '夜色中的輕舞', '李佳霏', '在夜幕低垂的時刻，音樂像輕柔的舞步，帶來靜謐與安詳。當夜色漸漸降臨，音樂便像是夜空中最亮的星，帶領著聽者走進安詳與寧靜的境地。這張專輯的每一首曲目都像夜晚的輕風，輕輕地拂過心頭，帶來片刻的寧靜與放鬆。每首歌曲都是一段輕柔的舞步，舞動在無聲的夜晚，將每一個感官都帶入一個寧靜的世界。音樂在此成為一種治癒的力量，讓人在這無聲的夜裡，獲得內心的平靜與安慰。隨著音樂的流動，聽者彷彿能夠感受到夜晚的微光，溫柔地照亮心靈深處的每一個陰影。這張專輯如同一場心靈的療癒旅程，帶領聽者穿越寧靜的夜色，找到內心的平衡與寧靜。每首歌都像是夜空中的一顆星星，將心靈的煩憂輕輕拂去，留下的是無盡的安慰與舒適感。', 285.00, '2024-10-24', '宅配', 70, '2024-08-13 15:26:54', '2024-11-13 05:37:42', 'At the moment when the night falls, music moves like gentle dance steps, bringing serenity and peace. As night gradually descends, music becomes the brightest star in the night sky, guiding the listener into a world of tranquility and calm. Each track in this album is like a gentle breeze in the night, lightly brushing the heart, bringing a moment of peace and relaxation. Each song is a gentle dance step, moving silently in the quiet night, leading each sense into a calm world. Here, music becomes a healing force, bringing inner peace and comfort in the silent night. With the flow of music, the listener seems to feel the soft glow of the night, gently illuminating every shadow deep within the soul. This album is like a spiritual healing journey, guiding the listener through the peaceful night and helping them find balance and tranquility within.'),
(5, '追尋音樂的心跳', '李佳霏', '每一個心跳都是音樂的節拍，讓我們一起追尋生命的韻律。這張專輯透過每一首歌的節奏，帶領著聽眾感受心跳與音樂的共鳴。音樂中的每一個節拍都是生命中的一個瞬間，而這些瞬間的集合便是整個專輯的旋律。每一首歌曲都在提醒我們，音樂與生命是如此密不可分，正如每一個心跳都與生命相依。專輯中的旋律不僅僅是音符的排列，而是一種情感的表達，讓每一個聽眾都能夠感受到生命的力量與韻律。隨著每一個節拍的跳動，聽者彷彿能夠感受到生命脈動的節奏，將每一個瞬間變得如此珍貴。音樂成為心跳的延伸，讓每一個聽眾都能夠感受到無限的生命力量，並與音樂達成心靈的共鳴。', 475.00, '2020-09-20', '宅配', 149, '2024-08-18 00:01:27', '2024-11-13 05:37:42', 'Each heartbeat is a beat of music, let us pursue the rhythm of life together. This album, through the rhythm of each song, leads the listener to feel the resonance between the heartbeat and music. Each beat in the music is a moment in life, and the collection of these moments forms the melody of the entire album. Each song reminds us that music and life are inseparable, just as every heartbeat is connected to life. The melodies in this album are not just an arrangement of notes, but an expression of emotion, allowing every listener to feel the power and rhythm of life. With each beat, the listener feels the pulse of life, making each moment precious. Music becomes an extension of the heartbeat, letting every listener feel the infinite power of life and resonate with the music.'),
(6, '回憶的旋律', '李佳霏', '旋律如同往昔的回聲，喚起內心深處的感動。這張專輯仿佛帶領我們穿越時空，聽見過去的回音。每一首歌都彷彿是從時間的長河中傳來，帶著歲月的痕跡與記憶。每一個音符都像是往日的回憶，無聲地提醒著我們曾經經歷的一切。音樂中的每一個旋律，都在心底激起一波波的情感，帶來無限的溫暖與懷舊。這是一場心靈的旅行，帶領聽者走進過去的時光，讓那些被遺忘的記憶再次鮮活於眼前。音樂的旋律猶如一條河流，帶著記憶的波濤，將聽者引領回那些溫暖的時刻。每一首歌都是一個時間的窗口，讓過去的情感再次被觸動，並與現實中的每一個瞬間交織。', 470.00, '2022-10-15', '宅配', 176, '2024-10-26 11:16:08', '2024-11-13 05:37:42', 'The melodies are like echoes from the past, awakening deep emotions within. This album seems to guide us through time and space, hearing echoes from the past. Each song seems to come from the long river of time, carrying the marks and memories of years gone by. Each note is like a memory from the past, silently reminding us of what we have experienced. Every melody in the music stirs waves of emotion in the heart, bringing warmth and nostalgia. It is a journey of the soul, guiding the listener into the past and making those forgotten memories come alive again. The melodies in the music are like a river, carrying the waves of memory, guiding the listener back to those warm moments. Each song is a window to time, making the past’s emotions resonate once again, intertwining with every moment in reality.'),
(7, '自由的飛翔', '李佳霏', '音樂像一隻自由的鳥，翱翔在遼闊的天空中，無拘無束。這張專輯的每一首歌都蘊含著無限的自由精神，像是那隻展翅高飛的鳥，隨風而行，無所畏懼。音樂中的旋律輕盈而自由，沒有束縛，沒有框架，只有心靈的無限放飛。每一個音符都在告訴我們，只有放下所有的拘束，才能真正感受到生活的美好與自由。這是一段飛翔的旅程，帶著聽眾穿越無邊無際的天空，感受那無盡的可能與希望。音樂的節奏猶如風中的鳥翼，輕盈且自由，帶著每一個聽者飛向那遙不可及的理想世界。每首歌都在告訴我們，生活的美好是要勇敢去追尋的，而自由正是那條最光輝的道路。', 460.00, '2022-05-05', '宅配', 96, '2024-09-18 01:42:09', '2024-11-13 05:37:42', 'Music is like a free bird, soaring in the vast sky, unrestrained. Each song in this album contains an infinite spirit of freedom, like a bird spreading its wings and flying, unafraid of the wind. The melodies in the music are light and free, without constraints, no frames, only the endless flight of the soul. Each note tells us that only by letting go of all constraints can we truly feel the beauty and freedom of life. This is a journey of flight, leading the listener through boundless skies, feeling infinite possibilities and hope. The rhythm of the music is like the wings of a bird in the wind, light and free, carrying each listener toward an unreachable ideal world. Each song tells us that the beauty of life is to be courageously pursued, and freedom is the most radiant road.'),
(8, '時光的絮語', '吳晨曦', '隨著音符的飄動，時光的絮語在耳邊輕聲細語。這張專輯像是夜晚的微風，輕柔地撫過心頭，每一首歌都是那柔軟的輕語，講述著心底的秘密與憂傷。音樂中的每一個旋律都輕盈而細膩，彷彿將時間凝固在當下。這些旋律無聲地訴說著時光的流轉，每一刻都帶著無法言喻的情感。每一首歌都像是時光的碎片，拼湊成一幅美麗而感傷的畫面，讓人不禁想起過去的點滴，感受到歲月帶來的珍貴與深遠。音樂中的旋律宛如輕風拂過心湖，帶來心靈的寧靜。每首歌的節奏都像時光的流轉，無聲地訴說著每一個過去的故事，將聽者的思緒引向那些遙遠而美好的回憶。', 260.00, '2021-11-12', '宅配', 108, '2024-02-24 19:57:21', '2024-11-13 05:37:42', 'With the drifting of notes, the whispers of time speak softly in the ear. This album is like a gentle breeze in the night, softly caressing the heart, with each song being a soft whisper, telling the secrets and sorrows deep within. The melodies in the music are light and delicate, as if freezing time in the moment. These melodies silently tell the story of time’s passage, every moment filled with indescribable emotion. Each song is like a fragment of time, piecing together a beautiful and sorrowful picture, making one reminisce about past moments and feel the preciousness and depth that time brings. The melodies in the music are like a gentle breeze sweeping over a lake, bringing peace to the soul.'),
(9, '靈感的流動', '吳晨曦', '靈感如溪水般流淌，潤澤心田，每一首歌都是創造的火花。這張專輯是一場創意的盛宴，每一首歌都是一個全新的世界，充滿了無窮的靈感與奇思妙想。音樂的流動就像清澈的溪水，清新、自然，帶來一片片純淨的心靈世界。每一個音符都像是創作的種子，在聽者的心中生根發芽。這是一場心靈的創造之旅，帶領聽者進入無限的想象空間，感受每一首歌所蘊含的創新與突破。音樂的旋律如同開放的創作之門，邀請每一個聽者進入一個充滿可能與啟發的奇妙世界。每一個音符都是新世界的起點，帶領聽者走向無限的創意源泉。', 490.00, '2024-10-25', '宅配', 197, '2024-08-29 10:46:53', '2024-11-13 05:37:42', 'Inspiration flows like a stream, nourishing the heart, with each song a spark of creativity. This album is a feast of creativity, where every song is a whole new world, filled with endless inspiration and imaginative ideas. The flow of music is like a clear stream, fresh, natural, bringing a pure world for the soul. Every note is like a seed of creation, taking root and sprouting in the heart of the listener. This is a journey of spiritual creation, leading the listener into infinite realms of imagination, feeling the innovation and breakthroughs contained in each song. The melodies in the music are like an open door of creation, inviting every listener into a wonderful world full of possibilities and inspirations. Every note is the starting point of a new world, guiding the listener towards an infinite source of creativity.'),
(10, '心靈的共鳴', '吳晨曦', '音樂與心靈的交融，讓每一個音符都觸動靈魂的深處。這張專輯不僅是音樂的呈現，更是心靈的洗禮。每一首歌都像是一場心靈的探險，讓人沉浸在音樂的深處，與每一個音符進行靈魂的對話。音樂中的每一個細節，都能觸動心底最柔軟的部分，帶來無比的震撼與感動。這是一場心靈與音樂的交流，帶領聽者走進內心的深處，感受那份最真摯的情感與力量。每首歌都是一場心靈的對話，音樂中的旋律猶如一股深情的呼喚，將聽者帶入一個充滿情感的世界。每個音符都在講述著一個深刻的故事，將心靈的感動傳遞到每一個聽者的心中。', 495.00, '2021-02-15', '宅配', 111, '2024-10-01 21:46:38', '2024-11-13 05:39:07', 'The fusion of music and the soul makes every note touch the depths of the soul. This album is not just a presentation of music, but a spiritual baptism. Each song is like a journey of the soul, immersing the listener in the depths of the music, engaging in a dialogue with each note. Every detail in the music touches the softest part of the heart, bringing an incredible impact and emotion. This is an exchange between the soul and music, guiding the listener into the depths of their own heart, feeling the most sincere emotions and power. Each song is a conversation of the soul, with the melodies in the music acting like a deep call, leading the listener into a world full of emotion. Each note tells a profound story, transmitting the soul\'s emotion to every listener\'s heart.'),
(11, '未來的夢想', '吳晨曦', '在未來的旅途中，音樂是指引我們前行的明燈。這張專輯以未來為主題，探索人類與科技、情感之間的交織與融合。每一首歌都像是未來世界的一個縮影，帶來無限的想象與期待。音樂中的每一個音符都在引領著我們走向未知的未來，讓人不禁想像那遠在天邊的明天會是什麼模樣。這是一場跨越時空的音樂旅行，帶領聽者走進那未知的未來，感受每一個未知的驚奇與奇蹟。專輯中的旋律猶如未來的星光，明亮而充滿力量，帶著人類對未來的渴望與希望，激發每個聽者的探索精神。每首歌都在引領我們迎接科技與情感交織的未來，開啟無限的可能。', 265.00, '2021-06-28', '宅配', 186, '2024-08-16 19:02:18', '2024-11-13 05:39:07', 'In the journey to the future, music is the guiding light that leads us forward. This album, with the future as its theme, explores the intersection and fusion of humanity, technology, and emotion. Each song is like a snapshot of the future world, bringing infinite imagination and anticipation. Every note in the music guides us toward an unknown future, making us wonder what tomorrow will look like. This is a cross-temporal musical journey, leading the listener into the unknown future, feeling every unknown wonder and miracle. The melodies in the album are like future stars, bright and full of power, carrying humanity\'s longing and hope for the future, inspiring every listener\'s spirit of exploration. Each song leads us to embrace a future where technology and emotions merge, opening up infinite possibilities.'),
(12, '沉醉的音符', '吳晨曦', '每一個音符都讓人沉醉，流淌在心田，留下永恆的印記。這張專輯中的旋律如同悠揚的溪水，無論走到何處，都能在心中激起層層波瀾。每一首歌都是一段心靈的旅程，帶領聽者穿越時空，沉浸在音樂的海洋中。音符如同時間的流動，不斷攪動著內心最深處的情感。每一個音符都是那麼的真摯，那麼的動人，讓人在無數的旋律中找到了屬於自己的共鳴。每首歌都是一段回憶的交織，將聽者帶回那些溫暖的過往，感受音樂帶來的愛與平靜。', 340.00, '2024-05-26', '宅配', 188, '2024-08-28 05:48:54', '2024-11-13 05:37:42', 'Each note captivates, flowing through the heart, leaving an eternal mark. The melodies in this album are like a gentle stream, stirring waves in the heart wherever it goes. Each song is a journey of the soul, leading the listener through time and space, immersing them in the ocean of music. The notes flow like the passage of time, constantly stirring the deepest emotions. Each note is so sincere, so moving, making one find their resonance in countless melodies. Each song is an intertwining of memories, taking the listener back to warm past moments, feeling the love and peace brought by the music.'),
(13, '心中的旋律', '吳晨曦', '在心中迴響的旋律，彷彿是愛的呼喚，充滿溫暖。這張專輯是一段情感的旅程，音樂中的每一首歌都帶著對愛的追憶和對未來的期許。旋律如同輕柔的呼喚，將每一個聽者的心靈緩緩牽引，帶入愛的懷抱。每個音符都像是心底最深的柔情，在聽者的耳邊輕輕細語。音樂不僅是聲音的呈現，更是情感的傳遞，帶給人們無盡的溫暖與感動。這張專輯帶來的每一首歌都如同心靈的共鳴，讓每個人都能在音符中尋找到屬於自己的愛與希望的力量。每一首歌都是對愛的禮讚，無論是甜美的愛戀還是悲傷的告別，音樂中的每個節奏都像是心跳，將愛的情感表達得淋漓盡致。', 355.00, '2022-12-02', '宅配', 122, '2024-05-12 07:04:30', '2024-11-13 05:39:07', 'The melody echoing in the heart seems like a call of love, filled with warmth. This album is a journey of emotion, with each song carrying reminiscence of love and anticipation for the future. The melody is like a gentle call, slowly drawing every listener\'s soul into the embrace of love. Every note feels like the deepest tenderness of the heart, whispering softly in the ear of the listener. Music is not just the presentation of sound; it is the transmission of emotion, bringing endless warmth and emotion to people. Each song in this album is like a resonance of the soul, letting each person find their own strength of love and hope in the notes. Each song is a tribute to love, whether it\'s sweet love or sorrowful farewell, the rhythm in the music is like a heartbeat, expressing love in its purest form.'),
(14, '迷霧中的旅程', '吳晨曦', '在迷霧中探索，音樂是我們的向導，帶來前行的勇氣。這張專輯以迷霧為主題，每一首歌都像是迷霧中的一束光，帶領聽者走出黑暗，走向未知的遠方。音樂中的每一個旋律都充滿著力量，仿佛在告訴我們：即使面對困難與挑戰，只要我們有勇氣，前方就會有光明。每一首歌都是一段心靈的突破，激勵聽者勇敢地迎接人生的每一個挑戰。這張專輯中的音樂像是迷霧中的指引，帶著不確定的未來卻也充滿希望，鼓勵每個聽者擁抱不確定，勇敢前行。每首歌的旋律猶如穿越迷霧的曙光，明亮而堅定，帶領著每一個人走向未知的成功與光明。', 420.00, '2021-02-05', '宅配', 136, '2024-06-08 11:15:53', '2024-11-13 05:37:42', 'Exploring in the fog, music is our guide, bringing the courage to move forward. This album is based on the theme of fog, where each song is like a beam of light in the fog, guiding the listener out of darkness toward an unknown distant place. Every melody in the music is filled with power, as if telling us: Even in the face of difficulties and challenges, as long as we have courage, there will always be light ahead. Each song is a breakthrough of the soul, inspiring the listener to courageously face every challenge in life. The music in this album is like a guide through the fog, carrying an uncertain future but also filled with hope, encouraging every listener to embrace uncertainty and move forward bravely. The melodies are like the dawn breaking through the fog, bright and firm, leading each person toward unknown success and light.'),
(15, '瞬間的永恆', 'Emma Lee', '在瞬息萬變的時代，音樂讓每一刻變得永恆而珍貴。這張專輯探討的是時間與記憶的主題，音樂中的每一首歌都彷彿是一個時光的剪影，帶著過去的印記與未來的憧憬。每一個音符都是時間的印痕，讓人不禁停下腳步，反思自己的過去和未來。音樂不僅僅是旋律的疊加，它也是時間的流動，讓每一個瞬間變得無比珍貴。這是一場與時間的對話，每一首歌都像是一個時光的回音，將聽者帶回過去的珍貴時刻，並展望未來的無限可能。音樂中的旋律猶如時間的影像，每一個音符都是時光的證據，讓每一個聽者都能感受到生命中的每一刻都是如此難得與珍貴。', 250.00, '2022-08-25', '宅配', 100, '2024-09-22 16:27:13', '2024-11-13 05:39:07', 'In an ever-changing world, music makes every moment eternal and precious. This album explores the theme of time and memory, where each song seems like a snapshot of time, carrying the marks of the past and hopes for the future. Every note is a trace of time, making people stop and reflect on their past and future. Music is not just the overlay of melodies; it is the flow of time, making every moment incredibly precious. This is a dialogue with time, where each song is like an echo of time, bringing the listener back to those precious past moments and envisioning the endless possibilities of the future. The melodies in the music are like images of time, each note a piece of time\'s evidence, letting every listener feel that every moment of life is so rare and precious.'),
(16, '絕美的風景', 'Emma Lee', '音樂如同絕美的風景，帶給我們心靈的愉悅和放鬆。這張專輯如同一幅幅絕美的風景畫，每一首歌都是一片大自然的美景，將聽者帶入那片寧靜與和諧的世界。音樂中的旋律猶如微風拂過，輕輕地撫慰著每一顆心靈。每一個音符都是大自然的節奏，帶來無盡的安慰與放鬆。這是一場與自然共鳴的音樂之旅，讓人深刻體會到生活中最純粹的美好。每首歌都像是自然的語言，將風、樹、海的聲音融入旋律中，讓每一個聽者在音樂的陪伴下感受到生命的平靜與美麗。音樂猶如大自然的清新氣息，喚醒每個人的內心深處，帶來深深的寧靜。', 395.00, '2022-06-03', '宅配', 130, '2024-01-31 14:07:11', '2024-11-13 05:39:07', 'Music is like a beautiful landscape, bringing us joy and relaxation for the soul. This album is like a series of beautiful landscapes, with each song representing a piece of nature\'s beauty, leading the listener into a world of serenity and harmony. The melodies in the music are like a gentle breeze, softly soothing every heart. Every note is the rhythm of nature, bringing endless comfort and relaxation. This is a journey of resonance with nature, making people deeply appreciate the pure beauty of life. Every song is like the language of nature, blending the sounds of wind, trees, and the sea into the melodies, letting every listener feel the peace and beauty of life in the music. Music is like the fresh air of nature, awakening every person\'s inner world, bringing deep tranquility.'),
(17, '心靈的探險', 'Emma Lee', '音樂是心靈的探險，每一段旋律都能激發思考和反思。這張專輯以心靈的探索為主題，每一首歌都如同一段旅程，帶領聽者走進自己的內心世界。音樂中的旋律既深邃又激動人心，讓人不禁反思生活中的每一個選擇和決定。每個音符都是一個探索的起點，讓聽者不斷尋找自我，理解生命的真諦。這是一場心靈的冒險，帶著對未知的探索與對自我的理解。每一首歌都在提醒聽者，生活中的每一次抉擇都是一次心靈的覺醒，音樂中的旋律猶如一盞燈，指引著每一個人走向更深層的自我認知。', 440.00, '2024-02-19', '宅配', 162, '2024-07-06 16:07:02', '2024-11-13 05:39:07', 'Music is an adventure of the soul, where every melody sparks contemplation and reflection. This album is centered on the theme of spiritual exploration, where each song is like a journey leading the listener into their own inner world. The melodies in the music are both profound and stirring, making one reflect on every choice and decision in life. Each note is a starting point for discovery, encouraging the listener to continuously search for themselves and understand the true meaning of life. This is an adventure of the soul, with exploration of the unknown and an understanding of the self. Each song reminds the listener that every decision in life is an awakening of the soul, with the melodies acting as a lamp, guiding each person to deeper self-awareness.'),
(18, '夢的延續', 'Emma Lee', '音樂如夢般延續，帶來對未來的美好憧憬和渴望。這張專輯以夢想和未來為主題，每一首歌都像是一個美麗的夢，帶領聽者進入那片充滿希望和無限可能的未來。音樂中的每一個旋律都充滿著渴望與期待，彷彿告訴聽者，未來充滿著無數的機會和驚喜。每一首歌都是對未來的憧憬，帶著夢想的光輝，將聽者的心靈帶向那個更加美好的明天。音樂猶如星光，照亮每個人心中的夢想，帶著無窮的希望與激情，啟發每個聽者去追尋他們的夢想，並相信未來的一切都是值得期待的。', 490.00, '2023-05-12', '宅配', 137, '2024-08-14 09:17:07', '2024-11-13 05:39:07', 'The music continues like a dream, bringing a beautiful yearning and desire for the future. This album centers on dreams and the future, where each song feels like a beautiful dream, leading the listener into a world full of hope and endless possibilities. Every melody in the music is filled with longing and anticipation, as if telling the listener that the future holds countless opportunities and surprises. Each song is a reflection of future dreams, carrying the light of hope and guiding the listener\'s soul toward a better tomorrow. The music shines like starlight, illuminating everyone\'s dreams and inspiring them to pursue their goals, believing that the future is worth waiting for.'),
(19, '思念的韻律', 'Emma Lee', '音樂如同思念的韻律，讓人心中充滿了對過去的懷念。這張專輯是一場穿越時光的旅程，每一首歌都像是那段歲月的回憶，帶領聽者回到過去的美好時光。每一個旋律都充滿了對往事的懷念，彷彿將時間倒流，讓人再次經歷那些曾經的瞬間。音樂中的每一個音符都是過去的影像，帶來一種無法言喻的情感，讓人想起那些久遠的回憶。這些旋律猶如心靈的呼喚，將每一段情感都帶入到耳邊，帶來深深的懷念與愛的力量。每一首歌都是對過去美好時光的禮讚，讓每個人都能在音符中找到屬於自己的記憶與情感的共鳴。', 315.00, '2023-08-16', '宅配', 131, '2024-07-26 05:54:20', '2024-11-13 05:39:07', 'The music flows like the rhythm of nostalgia, filling the heart with longing for the past. This album is a journey through time, with each song like a memory of a past era, leading the listener back to those beautiful moments. Every melody is filled with a sense of nostalgia, as if the music takes us back in time, allowing us to relive those moments. Every note is an image of the past, bringing indescribable emotions and reminding us of distant memories. These melodies act like a call from the heart, bringing emotions to the listener\'s ear, offering deep nostalgia and the power of love. Each song is a tribute to past beautiful times, letting everyone find their own memories and emotional resonance in the notes.'),
(20, '夢裡水鄉', 'Emma Lee', '這是一個關於夢境與現實交織的專輯，音樂將帶你進入一片如詩如畫的水鄉世界。這張專輯以夢境為主題，每一首歌都像是一場穿越夢與現實的旅行。音樂中的旋律猶如夢境中的光影，將聽者帶入那片虛幻與真實交織的世界。每一個音符都像是夢中的一個場景，帶著奇妙的感覺，讓人不禁陶醉在音樂的美好中。每首歌都是一個夢，一個關於夢想和現實的故事，帶領聽者走向那片如詩如畫的水鄉。音樂中的旋律像是夢的回聲，帶著柔和的光芒，將每一個聽者的思緒帶入那片遙遠而美麗的世界。', 340.00, '2023-11-05', '宅配', 185, '2024-09-18 04:00:23', '2024-11-13 05:39:07', 'This is an album about the intertwining of dreams and reality, where the music takes you into a picturesque water village world. The album centers on dreams, with each song feeling like a journey between dreams and reality. The melodies in the music are like the light and shadows of dreams, leading the listener into a world where the virtual and the real blend together. Every note is like a scene in a dream, bringing a sense of wonder, immersing the listener in the beauty of the music. Each song is a dream, a story about dreams and reality, guiding the listener to that poetic water village. The music\'s melodies are like echoes of a dream, with gentle light guiding the listener\'s thoughts to that far and beautiful world.'),
(21, '靈魂的呼喚', 'Emma Lee', '這張專輯透過強烈的旋律與靈魂的故事，展現了內心深處的呼喊，讓人心動不已。音樂中每一個音符都充滿了情感的表達，帶領聽者深入到最真摯的心靈深處。每一首歌都是一個故事，講述著靈魂的孤獨、愛與希望的交織。旋律如同一條澎湃的河流，帶著強烈的情感向前奔流。聽者在這段音樂旅程中能夠感受到那股情感的力量，體會到音樂帶來的靈魂震撼。每首歌曲像是一道不可忽視的光芒，穿透心靈的黑暗，照亮了那些被遺忘的情感，讓每個人都能在音符中找到屬於自己的生命故事與感動。音樂中的每個旋律猶如一股強烈的力量，不僅讓人振奮，也讓人反思，帶領每一個聽者找到自己心靈的真正所在。', 360.00, '2024-01-10', '宅配', 150, '2024-09-18 04:00:23', '2024-11-13 05:39:07', 'This album presents powerful melodies and soulful stories, showcasing the deep cries of the heart that make one feel deeply moved. Every note in the music is filled with emotional expression, leading the listener deep into the most sincere part of the soul. Each song is a story, speaking of the soul\'s solitude, love, and the intertwining of hope. The melodies are like a surging river, carrying intense emotions forward. The listener feels the power of this emotion, experiencing the soul-shaking impact of the music. Each song is like an unavoidable ray of light, piercing the darkness of the soul, illuminating the forgotten emotions, allowing everyone to find their own life story and emotion in the notes. The melodies in the music are like a strong force, not only stirring the listener but also making them reflect, leading each listener to discover the true location of their soul.'),
(22, '月下獨行', '王宏', '月光下獨自漫步，專輯中的音符仿佛在與夜空對話，描繪了孤獨與思考的美好。這張專輯以月光為背景，音樂中的每一首歌都像是月光下的景象，充滿著神秘與寧靜。每個旋律都猶如夜晚的低語，帶著無聲的力量，引領聽者進入一個寧靜的世界。月光象徵著孤獨，但卻也充滿了無限的美麗，每一首歌都讓人反思內心的寧靜與孤獨，讓人與自己內心深處的情感對話。這些旋律如同月光在心靈上洒下的光輝，帶著柔和的力量，讓人感到一份與世界相連的溫暖。每一個音符都是月光的倒影，在黑暗中散發出光芒，讓人深刻體會到孤獨的美麗與內心的平和。', 390.00, '2024-02-14', '宅配', 165, '2024-09-18 04:00:23', '2024-11-13 05:39:07', 'Walking alone under the moonlight, the notes in this album seem to converse with the night sky, depicting the beauty of solitude and contemplation. This album uses moonlight as the backdrop, with each song like a scene under the moonlight, filled with mystery and tranquility. Each melody is like a whisper of the night, carrying silent power, guiding the listener into a world of peace. Moonlight symbolizes solitude, but it is also full of infinite beauty, with every song making the listener reflect on the inner tranquility and solitude, engaging in a dialogue with their emotions deep inside. The melodies are like the light of the moon falling on the soul, with gentle strength, making one feel the warmth of connection to the world. Every note is like the moon\'s reflection, radiating light in the darkness, making one deeply appreciate the beauty of solitude and inner peace.'),
(23, '塵封的故事', '王宏', '這張專輯如同一本翻閱的書，訴說著過去的故事，每一首歌都是一個小小的回憶。音樂中的每一段旋律都是過去的片段，回顧著那些珍貴的瞬間。每首歌都是對過去的記憶的讚美，每一個音符都讓人想起那些早已成為歷史的美好時光。這是一段對過去的回望，每一首歌都是一次心靈的翻閱，帶著一絲懷舊與思索，讓人重新體會那些曾經的情感與回憶。每一首歌猶如翻開的一頁頁日記，將往昔的光影再次展現眼前。音樂中的每一段旋律彷彿能喚起已經遺忘的心情，帶領聽者重回那片遙遠的記憶之中，感受過去的點滴情感。', 380.00, '2024-03-15', '宅配', 120, '2024-09-18 04:00:23', '2024-11-13 05:39:07', 'This album is like a book being flipped, telling stories of the past, with each song being a small memory. Each melody in the music is a fragment of the past, reflecting those precious moments. Each song is a praise to the memories of the past, with every note reminding us of those beautiful moments that have become history. This is a reflection on the past, where each song is like turning a page of the heart, filled with nostalgia and reflection, allowing the listener to relive those emotions and memories. Each song is like a page of a diary being opened, displaying the past light and shadow. The melodies in the music seem to awaken forgotten emotions, guiding the listener back to distant memories, feeling the emotions of the past.'),
(24, '狂野之心', '王宏', '這是一場音樂的狂野之旅，專輯中的節奏將引領你走進無拘無束的自由世界。這張專輯充滿著活力與激情，每一首歌都充滿了自由的精神。音樂中每一個節奏都是對自由的追求，沒有任何束縛，只有奔放與激情。每首歌都像是對音樂無盡可能性的探索，帶著對生命的渴望與熱情。這是一張充滿能量的專輯，每個音符都在激勵聽者，讓他們跟隨音樂的節奏，走向自由與無限的可能性。每首歌都像是一場奔放的冒險，鼓勵每個聽者勇敢去追尋自己的夢想與自由，挑戰一切限制，走向無拘無束的生活。', 415.00, '2024-04-20', '宅配', 140, '2024-09-18 04:00:23', '2024-11-13 05:39:07', 'This is a wild music journey, where the rhythms in the album lead you into a world of boundless freedom. The album is full of energy and passion, with every song embodying the spirit of freedom. Every rhythm in the music represents the pursuit of freedom, with no restrictions, only exuberance and passion. Each song is like an exploration of music\'s endless possibilities, filled with the desire and enthusiasm for life. This is an energetic album, where each note inspires the listener to follow the rhythm of the music, heading towards freedom and infinite possibilities. Each song is like a wild adventure, encouraging every listener to bravely chase their dreams and freedom, challenge all limitations, and move toward a life of freedom and joy.'),
(25, '時間的旅者', '王宏', '透過音樂的旋律，帶領聽眾穿梭於時間的隧道，感受過去與未來的交錯。這張專輯是一場跨越時空的旅行，每一首歌都是對時間的探索。音樂中的旋律如同時光的軌跡，帶著過去的回憶與未來的展望交織在一起。每首歌都充滿了時代的烙印，猶如時間的縮影，讓人穿梭在不斷變化的時空中。這是一場與時間對話的音樂之旅，帶領聽者感受生命中的每一個瞬間。每首歌都是一段心靈的時光之旅，讓聽者感受到時間的珍貴與無常，並在旋律中體驗到生命的多樣性與深刻意義。', 405.00, '2024-05-25', '宅配', 135, '2024-09-18 04:00:23', '2024-11-13 05:39:07', 'Through the melodies of music, the listener is led through the tunnel of time, experiencing the intersection of the past and the future. This album is a journey across time and space, where each song explores the concept of time. The melodies in the music are like the traces of time, intertwining past memories and future hopes. Each song carries the imprint of an era, like a miniature of time, allowing the listener to travel through ever-changing moments. This is a musical journey of conversation with time, leading the listener to experience each moment of life. Every song is a time-traveling experience for the soul, making the listener feel the preciousness and impermanence of time, and experiencing the diversity and profound meaning of life within the melodies.'),
(26, '夢中的港灣', '王宏', '這張專輯如同夢中的港灣，音樂讓人感受到安全與寧靜，仿佛在撫慰靈魂。每一首歌都如同港灣中的一艘船，帶著聽者駛向平靜的海洋，遠離現實世界的喧囂。音樂中的旋律如同微風拂過，帶來無比的安慰與寧靜。每首歌都是一個安靜的避風港，讓人心靈得到釋放與安慰。這是一張治癒心靈的專輯，音樂讓聽者找到內心的平衡與平靜，帶來無限的安撫與慰藉。每首歌都像是海洋的低語，輕輕地將每一個聽者的心靈包裹在平和的旋律中，將人帶入一個遠離煩憂的安靜世界。', 295.00, '2024-06-30', '宅配', 160, '2024-09-18 04:00:23', '2024-11-13 05:39:07', 'This album is like a harbor in a dream, where the music provides a sense of security and tranquility, soothing the soul. Every song is like a boat in the harbor, guiding the listener toward a peaceful ocean, away from the noise of the real world. The melodies in the music are like a gentle breeze, bringing immense comfort and calm. Each song is a quiet haven, allowing the soul to be freed and comforted. This is an album that heals the soul, helping the listener find inner balance and peace, offering endless comfort and solace. Every song is like a murmur of the ocean, gently wrapping the listener\'s soul in a peaceful melody, leading them to a tranquil world far away from worries.'),
(27, '思緒的交響', '王宏', '這是一場思緒的交響曲，音樂在心中流淌，讓每一個瞬間都變得意義非凡。這張專輯探索的是思想與情感的交織，每一首歌都是一段心靈的舞蹈，將思緒與情感完美融合。音樂中的每一個旋律都充滿著思考與反思，引領聽者進入一個充滿智慧與感悟的世界。每一首歌都是對人生的深刻思考，讓人從音樂中感受到人生的多樣性與深度。每首歌的旋律猶如心靈的低語，帶領每一位聽者探索自己內心深處的情感與思緒，並在音樂的陪伴下，反思生命的意義與目的。', 480.00, '2024-07-18', '宅配', 130, '2024-09-18 04:00:23', '2024-11-13 05:39:07', 'This is a symphony of thoughts, where music flows in the heart, making each moment meaningful. This album explores the interplay of thought and emotion, where each song is a dance of the soul, perfectly blending thoughts and feelings. Every melody in the music is filled with contemplation and reflection, guiding the listener into a world full of wisdom and insight. Every song is a deep reflection on life, allowing the listener to experience the diversity and depth of existence through music. The melodies are like whispers from the soul, guiding every listener to explore their inner feelings and thoughts, reflecting on the meaning and purpose of life in the company of music.'),
(28, '時光的編織者', '王宏', '這張專輯以音樂編織出時光的故事，每一首歌曲都是對過往歲月的珍貴回憶。這是一張追憶過去的專輯，音樂中每一個旋律都充滿著時間的印痕。每首歌都是一段歲月的縮影，帶著對過去的深情回望。音樂中的旋律如同時間的洪流，將聽者帶回那些已經遠去的日子，讓每個音符都充滿了懷舊的情感。這是一場對過去的情感回顧，音樂將聽者帶回那些珍貴的時光，讓人感受到過往的美好，並重新體會那段曾經的情感。', 300.00, '2024-08-24', '宅配', 110, '2024-09-18 04:00:23', '2024-11-13 05:39:07', 'This album weaves a story of time through its music, with each song being a precious memory of the past. It is an album of reminiscence, where every melody in the music is filled with the marks of time. Each song is a miniature of an era, carrying a deep reflection on the past. The melodies in the music flow like the torrent of time, taking the listener back to those long-gone days, where every note is soaked in nostalgic emotion. This is a sentimental journey through the past, where music leads the listener to those treasured moments, allowing them to experience the beauty of the past again and rediscover those forgotten emotions.'),
(29, '翱翔於天際', 'Daniel Kim', '這是一張充滿夢想的專輯，音樂讓人如同翱翔於天際，追尋無限的可能。這張專輯以夢想為主題，音樂中的每一首歌都是對夢想的追求。每首歌都帶著對未來的期許，猶如在音樂的世界中尋找無盡的可能性。旋律如同翱翔的翅膀，將聽者帶向無窮的天際，讓人感受到無限的希望與力量。每一首歌都在激勵聽者去追尋自己的夢想，走向更加光明的未來。音樂中的旋律如同無邊的天空，帶領每一個人探索人生中的無限可能，讓每個人都能在音符中找到希望與力量的源泉。', 265.00, '2024-09-29', '宅配', 170, '2024-09-18 04:00:23', '2024-11-13 05:39:07', 'This is an album full of dreams, where the music makes you feel like soaring across the sky, pursuing infinite possibilities. The album centers on dreams, where every song is a pursuit of those dreams. Each song carries a longing for the future, like searching for endless possibilities within the world of music. The melodies are like wings soaring in the sky, taking the listener toward the endless horizon, where hope and power are felt. Every song encourages the listener to chase their own dreams and move toward a brighter future. The melodies in the music are like boundless skies, leading everyone to explore the infinite possibilities in life, and allowing them to find the source of hope and strength in the notes.'),
(30, '內心的音符', 'Daniel Kim', '專輯中的音符如同心靈的語言，帶領聽眾探索內心深處的情感與思考。這張專輯是一場心靈的探索，音樂中的每一首歌都是對自我的尋找。每一個音符都充滿著情感的表達，將聽者的內心世界引向未知的深處。旋律如同心靈的聲音，帶來無限的啟發與思考。每一首歌都是一段自我認知的旅程，帶領聽者深入到自己的心靈深處，尋找最真實的自己。在這段探索的過程中，音樂不僅是感官的享受，它成為了觸動心靈深處的鑰匙，幫助每一位聽者找到屬於自己的心靈之地。每首歌的旋律猶如一條引路的光線，在漆黑中為聽者帶來指引，讓每個人能夠在音樂的世界中找回自我，了解真正的內心需求。', 360.00, '2024-10-10', '宅配', 125, '2024-09-18 04:00:23', '2024-11-13 05:39:07', 'The notes in this album are like the language of the soul, guiding the listener to explore their inner emotions and thoughts. This album is a journey of the soul, where each song is a search for the self. Every note in the music is filled with emotional expression, leading the listener deeper into their inner world. The melodies are like the voice of the soul, offering endless inspiration and reflection. Each song is a journey of self-recognition, guiding the listener into their deepest self to find the truest version of themselves. In this exploration, the music is not just a sensory experience but a key to touch the deepest parts of the soul, helping every listener find their spiritual home.'),
(31, '晨曦微光', 'Daniel Kim', '專輯《晨曦微光》以清晨的第一縷陽光為靈感，表達新一天的希望與開始。融合輕快的流行元素，帶給聽眾清新而積極的音樂體驗。每一首歌都猶如晨曦中的微光，帶來一種全新的感覺。音樂中的旋律就像是清晨的風，清新而充滿活力，鼓勵聽者迎接新的一天。專輯中的每首歌都充滿了正能量，帶給聽者無盡的希望與動力。這張專輯不僅是在音樂上給人以愉悅的感受，更是一種心靈上的啟發，讓每一個聽者在日常的忙碌與挑戰中，找到一絲清新的空間，回歸內心的平靜與力量。它像是早晨的第一道陽光，將溫暖與希望撒播到每一個渴望被點亮的角落。', 345.00, '2022-02-16', '宅配', 156, '2023-10-31 08:00:00', '2024-11-13 05:39:07', 'The album \"Morning Light\" is inspired by the first rays of sunlight in the morning, symbolizing the hope and beginning of a new day. Blending lively pop elements, it offers the listener a refreshing and positive musical experience. Each song feels like the soft glow of morning light, bringing a completely new sensation. The melodies in the music are like the morning breeze—fresh and full of energy, encouraging the listener to welcome the new day. Every song is full of positive energy, providing endless hope and motivation for the listener. This album not only brings joy through music but also serves as a spiritual inspiration, helping each listener find a moment of fresh space amidst the daily hustle, returning to inner peace and strength. It\'s like the first rays of sunshine in the morning, spreading warmth and hope to every corner in need of light.'),
(32, '花開時節', 'Daniel Kim', '專輯《花開時節》以春天的花朵綻放為象徵，表達生命的美麗與希望。融合民謠與流行音樂，帶來溫暖而感性的音樂體驗。每一首歌都猶如春天裡的花朵，充滿了生命的力量。音樂中的旋律如同花瓣的輕舞，柔和而富有生機。每首歌都帶給聽者溫暖的情感，像春天一樣讓人充滿希望，感受到生命的美好與未來的無限可能。這張專輯的每一首歌都蘊含著生命的律動與綻放，它像是春天的微風，輕輕拂過心靈的每一個角落，讓聽者在音樂中感受到無限的溫暖與愛。每一首旋律都像是生命的呼喚，帶領聽者回歸本真，去發現那些未被發現的美好。', 375.00, '2022-03-05', '宅配', 232, '2023-10-31 08:00:00', '2024-11-13 05:39:07', 'The album \"Blossoming Season\" uses the blooming of spring flowers as a symbol of the beauty and hope of life. It combines folk and pop music to deliver a warm and emotional musical experience. Each song is like a spring flower full of life\'s strength. The melodies are like the delicate dance of petals—gentle and full of vitality. Each song brings warm emotions to the listener, much like spring, filling them with hope and making them feel the beauty of life and the infinite possibilities of the future. Every song in this album contains the rhythm and blossoming of life, like the gentle spring breeze caressing every corner of the soul, allowing the listener to feel infinite warmth and love. Each melody is like the call of life, guiding the listener back to their true self and encouraging them to discover the beauty yet to be discovered.'),
(33, '夢境旅人', 'Daniel Kim', '探索內心世界與現實之間的界線，透過音樂帶領聽眾進入夢幻般的旅程。融合電子與流行元素，呈現多元的音樂風格。每一首歌都是一段心靈的探索，音樂中交織著幻想與現實的元素，帶給聽者一場超越現實的音樂之旅。旋律就像是夢境中的旅程，帶領聽者進入一個充滿未知與奇幻的世界。每一首歌都蘊含著無限的創意與想像，讓人沉浸在音樂的魔力之中。在這場音樂的冒險中，聽者的心靈將隨著每一段旋律的起伏，進入一個充滿奇妙景象的世界。每首歌都像是敞開的一扇大門，通向一個未知的宇宙，充滿無限可能，等待著每位聽者去探索與發現。', 425.00, '2023-01-15', '宅配', 299, '2023-10-31 08:00:00', '2024-11-13 05:39:07', 'Exploring the boundary between the inner world and reality, this album takes the listener on a dreamlike journey through music. It blends electronic and pop elements to present diverse musical styles. Each song is a journey of the soul, weaving elements of fantasy and reality, offering the listener a musical adventure that transcends reality. The melodies are like journeys in dreams, leading the listener into a world full of unknowns and fantastical visions. Each song is filled with boundless creativity and imagination, immersing the listener in the magic of music. In this musical adventure, the listener\'s soul flows with every rise and fall of the melody, entering a world filled with amazing visions. Each song is like an open door leading to an unknown universe, full of infinite possibilities waiting for the listener to explore and discover.'),
(34, '彩虹彼端', 'Daniel Kim', '專輯《彩虹彼端》以彩虹為主題，象徵希望與夢想的終點。融合活力四射的舞曲與流行旋律，帶給聽眾色彩繽紛的音樂體驗。每首歌都像是一道繽紛的彩虹，帶來快樂與希望。音樂中的每一個節奏都充滿了能量，讓人感覺到積極與勇敢。專輯中的旋律如同彩虹中的色彩，展現出多元的情感與生命的力量。每一首歌都鼓勵聽者勇敢追求自己的夢想，並相信希望總會到來。這張專輯傳遞著一個強烈的訊息：無論多遠的路途，無論多艱難的挑戰，總有一天我們都會到達夢想的彼端，就像彩虹的盡頭那樣，光明與希望永遠不會消失。', 495.00, '2021-06-20', '宅配', 140, '2023-10-31 08:00:00', '2024-11-13 05:39:07', 'The album \"Beyond the Rainbow\" is inspired by the rainbow, symbolizing the end of hope and dreams. It blends energetic dance beats and pop melodies to offer the listener a colorful musical experience. Each song is like a vibrant rainbow, bringing joy and hope. Every rhythm in the music is full of energy, making the listener feel positivity and courage. The melodies in the album are like the colors in a rainbow, showcasing diverse emotions and the power of life. Each song encourages the listener to bravely pursue their dreams, believing that hope will always arrive. This album conveys a strong message: no matter how far the road is, or how difficult the challenge, one day we will reach the end of our dreams, just like the end of the rainbow—where light and hope will never fade.'),
(35, '夜色迷霧', 'Daniel Kim', '專輯《夜色迷霧》以夜晚的神秘氛圍為主題，融合R&B與流行元素，營造出寧靜而迷人的音樂氛圍。每一首歌都猶如夜晚的微光，帶著神秘而迷人的氣息。音樂中的旋律深邃且充滿情感，猶如夜色中的迷霧，給人一種迷失與尋找的感覺。每一首歌都描繪著內心的渴望與探索，將聽者帶入一個充滿神秘與想像的音樂世界。這張專輯像是穿越夜晚的旅程，音符猶如星光點亮漆黑的天空，帶領每個聽者走向一個充滿夢幻的世界。每一段旋律都包含著對未知的渴望與探索，讓人心中充滿了對美麗與神秘的無盡嚮往。', 300.00, '2022-08-30', '宅配', 250, '2023-10-31 08:00:00', '2024-11-13 05:39:07', 'The album \"Midnight Mist\" is inspired by the mysterious atmosphere of the night, blending R&B and pop elements to create a tranquil and enchanting musical ambiance. Each song feels like the subtle glow of the night, with a mysterious and captivating aura. The melodies are deep and full of emotion, like mist in the night, offering a sense of being lost and searching. Every song portrays inner desires and explorations, taking the listener into a world full of mystery and imagination. The album is like a journey through the night, where the notes illuminate the dark sky, leading the listener into a dreamlike world. Each melody contains a yearning for the unknown and exploration, filling the listener\'s heart with endless longing for beauty and mystery.'),
(36, '無限宇宙', '張雅雯', '專輯《無限宇宙》探索宇宙的無限可能，融合電子音樂與流行旋律，展現廣闊無垠的音樂世界。每一首歌都像是一次穿越宇宙的旅行，帶領聽者遨遊於星際之間。音樂中的每一段旋律都充滿著無窮的遐想，猶如宇宙的浩瀚無邊。每一首歌都在激勵聽者去探索未知，尋找屬於自己的星球，展現人類對宇宙和未知的永恆好奇與探索精神。專輯中的音樂猶如宇宙中的星光，照亮心靈的每一個角落，帶領每一位聽者感受到無限的可能與希望。每一個音符都如同宇宙的節奏，深深地印刻在心中，啟發著對未知世界的探索與對未來的期待。', 450.00, '2022-05-15', '宅配', 312, '2023-10-31 08:00:00', '2024-11-13 05:39:07', 'The album \"Infinite Universe\" explores the limitless possibilities of the universe, blending electronic music and pop melodies to showcase the vast world of music. Each song is like a journey through the universe, taking the listener through the stars. The melodies are filled with boundless imagination, like the infinite expanse of space. Every song encourages the listener to explore the unknown, find their own planet, and showcase humanity\'s eternal curiosity and spirit of exploration. The music in the album is like the starlight of the universe, lighting up every corner of the soul, guiding every listener to feel the infinite possibilities and hope. Every note is like the rhythm of the cosmos, deeply imprinted in the heart, inspiring the exploration of unknown worlds and anticipation of the future.'),
(37, '心靈花園', '張雅雯', '透過柔和的旋律與深情的歌詞，營造一個治癒心靈的音樂花園。專輯中的每首歌曲猶如花園中的一朵花，帶來不同的情感與感受。音樂中的每一首歌都像是從心靈深處開放的花朵，帶來安慰與愉悅。每首歌都透過細膩的旋律，將人帶進一個充滿愛與平靜的花園，讓聽者的心靈得到治癒與放鬆。每一首歌都是一次心靈的放鬆，讓聽者在音樂的陪伴下感受到無盡的愛與安寧。在這片音樂的花園中，每一段旋律都是對內心深處的呼喚，讓每一個音符都成為情感的寄託與表達。它不僅讓聽者感受到內心的釋放，還讓每個人都有機會重新發現自己內在的平靜與力量。', 360.00, '2023-02-25', '宅配', 180, '2023-10-31 08:00:00', '2024-11-13 05:39:07', 'With gentle melodies and heartfelt lyrics, this album creates a musical garden that heals the soul. Each song in the album is like a flower in the garden, offering different emotions and sensations. The music in every song is like a flower blooming from the heart, bringing comfort and joy. Each song, with its delicate melody, leads the listener into a garden full of love and tranquility, allowing the soul to heal and relax. Every song is a moment of soul relaxation, letting the listener feel endless love and peace in the company of music. In this musical garden, every melody is a call to the inner self, turning every note into an expression of emotion. It not only allows the listener to feel inner release but also offers everyone the chance to rediscover their inner peace and strength.'),
(38, '未來視界', '張雅雯', '專輯《未來視界》探索未來科技與人類情感的結合，融合電子與流行音樂，展現未來世界的多樣面貌。每一首歌都像是一幅未來的畫卷，呈現著未來的風貌與可能性。音樂中的每一個節奏都充滿了創新與未來感，猶如進入了一個科技與情感交織的時代。每一首歌都在講述未來的故事，展現人類對未來世界的無限想像與探索。專輯中的旋律宛如未來世界的語言，帶領聽者進入一個充滿未來感與創新的音樂世界。這張專輯以其無與倫比的創新精神，將科技的邊界與情感的深度融合，為每位聽者打造一場未來的音樂盛宴，讓音樂成為一扇窗，通向那不可知、充滿希望與挑戰的未來。', 395.00, '2022-09-10', '宅配', 210, '2023-10-31 08:00:00', '2024-11-13 05:39:07', 'The album \"Future Vision\" explores the fusion of future technology and human emotions, blending electronic and pop music to showcase a diverse vision of the future world. Each song is like a futuristic painting, presenting the aspects and possibilities of the future. The rhythms in the music are filled with innovation and a sense of futurism, as if entering an era where technology and emotions intertwine. Each song tells the story of the future, showcasing humanity\'s infinite imagination and exploration of the future world. The melodies in this album are like the language of the future, leading the listener into a world of futuristic and creative music. With its unparalleled innovative spirit, this album blends the boundaries of technology and the depth of emotion, offering each listener a musical feast for the future, turning music into a window to the unknown, a future full of hope and challenges.'),
(39, 'Harmony Heights', '張雅雯', '追求音樂的和諧與高度，融合多種樂器與聲音，創造豐富的音樂層次。專輯中的每首歌曲猶如音樂的高峰，帶來震撼與感動。音樂中的每一段旋律都充滿著豐富的情感，從輕柔到強烈，展現出音樂無限的可能性。每一首歌都在表達音樂的力量，讓聽者感受到音符的震動，猶如音樂的高峰，帶給人深刻的情感共鳴。每一首歌都是音樂的力量，每一個音符都充滿生命的律動。這張專輯是對音樂的一次讚美，每一首歌都成為聽者心靈深處的一次震撼，讓人在音符中找到了屬於自己心靈的共鳴。在這樣的音樂中，聽者將體會到音樂帶來的真正力量，感受到生命中的每一個微小而深刻的瞬間。', 550.00, '2021-04-12', '宅配', 370, '2023-10-31 08:00:00', '2024-11-13 05:39:07', 'Striving for harmony and the heights of music, this album blends a variety of instruments and sounds, creating a rich musical layer. Each song in the album is like the peak of music, bringing shock and emotional resonance. Every melody in the music is filled with rich emotion, from gentle to intense, showcasing the infinite possibilities of music. Every song expresses the power of music, allowing the listener to feel the vibration of the notes, like the peak of music, bringing deep emotional resonance. Each song is a celebration of music, each note filled with the rhythm of life. This album is a tribute to music, with every song touching the deepest part of the listener\'s soul, making them find their own resonance in the notes. In this music, listeners will experience the true power of music, feeling the deep meaning of every small moment in life.'),
(40, '靈魂之聲', '張雅雯', '深入探討靈魂的聲音，融合藍調與爵士，表達內心深處的情感與故事。專輯中的音樂充滿靈性與深度，帶給聽眾心靈的共鳴。每一首歌都如同一次心靈的旅程，帶領聽者探索內心深處的情感與故事。音樂中的每一段旋律都充滿著藍調的哀愁與爵士的自由，展現音樂的獨特魅力。每一首歌都是一段靈魂的敘述，音樂中的每一個音符都充滿著人類深層情感的表達。這張專輯以其深刻的情感表達，將聽者帶入一個充滿探索的心靈世界，每首歌都是一次心靈的觸動，讓聽者在情感的深處找到共鳴。音樂是每個人靈魂的語言，而這些音符則是對內心深處最真摯的表達。', 485.00, '2023-03-01', '宅配', 290, '2023-10-31 08:00:00', '2024-11-13 05:37:42', 'Delving into the sound of the soul, this album blends blues and jazz, expressing deep emotions and stories from the innermost parts of the heart. The music in this album is filled with spirituality and depth, offering emotional resonance to the listener’s soul. Every song feels like a spiritual journey, leading the listener to explore their deepest emotions and stories. The melodies are filled with the sorrow of blues and the freedom of jazz, displaying the unique charm of music. Each song is a soul narrative, with every note deeply expressing human emotions. This album, with its profound emotional expression, takes the listener into an exploratory world of the soul, where each song is a spiritual touch, allowing the listener to find resonance in the depths of their emotions. Music is the language of the soul, and these notes are the most sincere expressions of the deepest emotions.'),
(41, '心靈花火', '張雅雯', '以花火般的音樂展現心靈的絢麗與多彩，融合流行與電子元素，表達內心的激情與夢想。專輯中的每首歌曲如同夜空中的一朵花火，閃耀著不同的光芒。每首歌都帶有強烈的情感，從靜謐的旋律到激情四溢的節奏，展現出內心的多樣性。音樂中的每一段旋律猶如絢麗的花火，閃爍著不一樣的光芒，帶給聽者無盡的力量與啟發。每一首歌都在表達對夢想的追求與對生活的熱愛。這張專輯像是一場絢麗的煙火表演，每一首歌都是對夢想和激情的讚美，將聽者的心靈引向一個燦爛的未來，充滿無限的可能與希望。', 375.00, '2022-07-18', '宅配', 230, '2023-10-31 08:00:00', '2024-11-13 05:37:42', 'With fireworks-like music, this album showcases the brilliance and vibrancy of the soul, blending pop and electronic elements to express inner passion and dreams. Each song in the album is like a firework in the night sky, shining with different colors. Every song carries strong emotions, from quiet melodies to energetic rhythms, displaying the diversity within. The melodies are like brilliant fireworks, sparking endless power and inspiration. Each song expresses the pursuit of dreams and the love of life. This album is like a magnificent fireworks display, where each song is a celebration of dreams and passion, leading the listener’s soul to a radiant future, filled with infinite possibilities and hope.'),
(42, '靜謐之聲', '張雅雯', '專輯《靜謐之聲》以靜謐的氛圍創作音樂，融合環境音樂與輕音樂，營造平靜與放鬆的聆聽體驗。專輯中的每首歌曲如同靜謐的夜晚，帶來心靈的安寧。音樂中的旋律清新且舒緩，每一首歌曲都像是悠遠的回聲，撫慰著疲憊的心靈。這張專輯以其平靜而安寧的旋律，讓聽者在喧囂的世界中找到片刻的安靜與放鬆。每一首歌都引領聽者進入一個寧靜的世界，感受音樂帶來的心靈安撫。專輯的每一段旋律都像是輕風拂過，帶來心靈的安慰和放鬆，將聽者的情緒平靜下來，讓人感受到內心的平和。', 360.00, '2023-04-20', '宅配', 240, '2023-10-31 08:00:00', '2024-11-13 05:37:42', 'The album Silent Voices creates music with a serene atmosphere, blending ambient and light music to create a peaceful and relaxing listening experience. Each song in the album is like a tranquil night, bringing peace to the soul. The melodies are fresh and soothing, each song like an echo from afar, comforting the tired soul. With its calm and soothing melodies, this album allows the listener to find moments of tranquility and relaxation in a noisy world. Each song leads the listener into a quiet world, where the music provides a spiritual comfort. The melodies in the album are like a gentle breeze, calming the listener\'s emotions and bringing inner peace.'),
(43, '光影交錯', '周杰倫', '通過光與影的變化，呈現人生的起伏與情感的交織，融合電子與民謠元素，創造出豐富的音樂層次。專輯《光影交錯》講述的是人在生活中所經歷的情感波動與心境轉變。每一首歌都是一次情感的探險，音樂的變化猶如光與影的交織，讓聽者感受到多樣的情感體驗。音樂中的旋律充滿張力與對比，從寧靜到激動，帶領聽者體會生命中所有光輝與陰暗的面貌。每一段旋律都像是一道光線，穿透陰霾，帶來生命中光明的瞬間。這張專輯讓每個聽者都能夠感受到情感世界中的變化與波動，並從中尋找屬於自己的平衡。', 450.00, '2022-05-08', '宅配', 180, '2023-10-31 08:00:00', '2024-11-13 05:37:42', 'Through changes in light and shadow, this album presents the ups and downs of life and the intertwining of emotions, blending electronic and folk elements to create rich musical layers. The album \"Light and Shadow\" tells the emotional fluctuations and mindset shifts that people experience in life. Each song is an emotional exploration, with the music changing like the interplay of light and shadow, allowing the listener to experience various emotions. The melodies are full of tension and contrast, from calm to intense, leading the listener to experience all the brightness and darkness in life. Each melody is like a beam of light cutting through the gloom, bringing moments of brightness in life. This album lets the listener feel the emotional changes and fluctuations in their world and seek balance within.');
INSERT INTO `pp_albums` (`p_albums_id`, `p_albums_title`, `p_albums_artist`, `p_albums_description`, `p_albums_price`, `p_albums_release_date`, `p_albums_delivery_methods`, `p_albums_stock`, `p_albums_created_at`, `p_albums_updated_at`, `p_albums_engdescription`) VALUES
(44, 'Midnight Echoes', '周杰倫', '捕捉午夜時分的寧靜與神秘，融合電子與環境音樂，營造沉浸式的聆聽體驗，帶給聽眾深邃的情感共鳴。專輯《Midnight Echoes》以午夜的寧靜為靈感，每一首歌都帶著神秘與沉思的氣息。音樂中的每一段旋律猶如黑夜中的回音，深邃且引人深思。每首歌都像是穿越時間與空間的音符，將聽者帶入一個充滿神秘與探索的世界。這張專輯充滿了情感的深度，讓聽者感受到內心的寧靜與反思。每一首歌都彷彿帶領聽者進入一場跨越時空的音樂之旅，尋找自己心中的答案，探索宇宙的無限奧秘。每段旋律都是一次心靈的穿越，激發聽者對世界的好奇與向往。', 490.00, '2021-01-20', '宅配', 150, '2023-10-31 08:00:00', '2024-11-13 05:37:42', 'Capturing the tranquility and mystery of midnight, this album blends electronic and ambient music to create an immersive listening experience, bringing deep emotional resonance to the listener. The album \"Midnight Echoes\" is inspired by the quiet of midnight, with each song carrying a mysterious and contemplative atmosphere. Every melody is like an echo in the dark night, deep and thought-provoking. Each song feels like a note passing through time and space, taking the listener into a world full of mystery and exploration. This album is filled with emotional depth, letting the listener feel inner tranquility and reflection. Each song leads the listener on a journey that transcends time and space, searching for answers in their heart and exploring the infinite mysteries of the universe. Every melody is a spiritual passage, sparking the listener\'s curiosity and yearning for the world.'),
(45, 'Electric Dreams', '周杰倫', '結合電子音樂與流行元素，打造充滿未來感的音樂體驗。專輯中的每首歌曲如同一場電光火石的夢境，帶來前衛與創新的音樂風格。專輯《Electric Dreams》以未來世界的夢幻景象為背景，音樂融合了電子與流行的創新元素，展現出未來的無限潛力。每首歌都是一次對未來的探索，音樂中的每一個節奏與旋律都充滿了未來感，猶如一場電光火石的夢境，讓聽者進入一個未來世界的音樂之旅。這張專輯不僅僅是音樂的呈現，它還是未來的預言，將無數的創新與想像融入其中，啟發每個聽者對未來世界的無限期待。每首歌都像是一次跨越未來與現實的旅程，讓聽者隨著音符的律動一起感受無窮的科技奇蹟。', 540.00, '2023-03-01', '宅配', 280, '2023-10-31 08:00:00', '2024-11-13 05:37:42', 'Blending electronic music and pop elements, this album creates a futuristic music experience. Every song in the album is like a dream filled with sparks, presenting an avant-garde and innovative musical style. The album \"Electric Dreams\" takes a futuristic world as its backdrop, with the music combining electronic and pop elements to showcase the limitless potential of the future. Each song is an exploration of the future, with rhythms and melodies full of futuristic vibes, like a dream lit up by electric sparks, taking the listener into a musical journey through a futuristic world. This album is not just a presentation of music, but a prophecy of the future, blending countless innovations and imaginations, inspiring every listener to look forward to the future world with unlimited expectations. Each song feels like a journey between the future and reality, with the listener feeling the boundless technological miracles through the rhythm of the notes.'),
(46, '心靈綻放', '周杰倫', '以心靈的成長與綻放為主題，融合流行與抒情元素，表達內心的變化與蛻變。專輯《心靈綻放》呈現了一段從黑暗走向光明的心靈旅程。每一首歌都像是心靈的一次蛻變，音樂中的旋律如同花朵綻放，將情感表達得淋漓盡致。每首歌都是一次心靈的覺醒，從內心的掙扎到最終的釋放，音樂呈現了成長的痛苦與甜美，帶給聽者深刻的情感共鳴。在這張專輯中，每首歌曲都像是一次心靈的洗禮，讓人不僅在音樂中找到力量，還能感受到由內而外的蛻變。音符如同曙光，照亮了那些曾經掩埋的情感，帶來新的希望與勇氣。', 600.00, '2022-10-10', '宅配', 310, '2023-10-31 08:00:00', '2024-11-13 05:37:42', 'The album \"Spiritual Bloom\" focuses on the theme of inner growth and blooming, blending pop and lyrical elements to express changes and transformations in the heart. This album presents a journey of the soul from darkness to light. Every song is like a spiritual metamorphosis, with melodies unfolding like blooming flowers, expressing emotions to the fullest. Each song represents an awakening of the soul, from inner struggles to eventual release, showing both the pain and sweetness of growth. In this album, each song feels like a cleansing of the soul, allowing the listener to find strength and experience transformation from within. The notes shine like the dawn, illuminating emotions that were once hidden, bringing new hope and courage.'),
(47, '星光迷航', '周杰倫', '以星光為指引，帶領聽眾在音樂的海洋中迷航，融合流行與電子元素，創造夢幻般的音樂氛圍，展現無限的想像力與創意。專輯《星光迷航》講述的是一段音樂與夢想交織的旅程。每一首歌都像是迷失在星空下的音符，旋律充滿奇幻與幻想的色彩，帶領聽者在音樂的海洋中尋找未知的奇蹟。每首歌都是一次心靈的航行，探索內心深處的星光，讓聽者體會到音樂帶來的無限創意與想像。專輯中的每一首歌都充滿了星空的魔力，將聽者帶到無垠的宇宙之中，在每一個音符中都能感受到宇宙的浩瀚與神秘。', 320.00, '2021-02-15', '宅配', 410, '2023-10-31 08:00:00', '2024-11-13 05:37:42', 'Guided by starlight, this album takes the listener on a journey through the ocean of music, blending pop and electronic elements to create a dreamy musical atmosphere, showcasing endless creativity and imagination. The album \"Starry Voyage\" tells a story of music and dreams intertwining. Each song is like a note lost under the stars, with melodies filled with fantastical and imaginative colors, leading the listener to search for the unknown wonders within the ocean of music. Each song is a spiritual journey, exploring the inner starlight and letting the listener experience the endless creativity and imagination brought by music. Every song in this album is infused with the magic of the night sky, taking the listener into the boundless universe, where each note expresses the vastness and mystery of the cosmos.'),
(48, 'Future Beats', '周杰倫', '專輯《Future Beats》探索未來音樂的可能性，融合科技與創新，創作出具有前瞻性的音樂作品，展現未來音樂的無限潛力。每首歌都像是一個未來世界的縮影，音樂中融合了高科技的聲音與未來感十足的節奏。專輯中的每一段旋律都充滿未來感，帶領聽者探索未知的音樂世界。音樂的每一個節奏都充滿了力量與創新，讓聽者感受到未來的音樂美學。這張專輯展示了音樂的無窮潛力，將科技的邊界與創造力的極限推向了新的高峰。每一首歌都像是一次穿越未來的旅程，帶領聽者領略那個充滿未知與驚奇的世界。', 650.00, '2021-09-05', '宅配', 320, '2023-10-31 08:00:00', '2024-11-13 05:37:42', 'The album \"Future Beats\" explores the possibilities of future music, blending technology and innovation to create forward-thinking musical works that demonstrate the infinite potential of future music. Each song is like a microcosm of the future world, with high-tech sounds and futuristic rhythms blending in the music. Every melody is filled with futuristic vibes, leading the listener to explore an unknown musical world. Every rhythm is full of power and innovation, allowing the listener to feel the aesthetics of future music. This album showcases the boundless potential of music, pushing the boundaries of technology and creativity to new heights. Each song is like a journey into the future, allowing the listener to experience a world full of unknowns and wonders.'),
(49, '七里香', '周杰倫', '結合東方傳統元素與現代流行音樂，創造獨特的音樂風格，表達對愛情與生活的詮釋。專輯《七里香》是一場對愛情與生活的深情詮釋，音樂中融合了東方的細膩與現代的流行節奏。每首歌都猶如一朵含苞待放的花朵，帶著對愛情與生活的無盡渴望。音樂的旋律優美且富有情感，從輕柔的曲調到激昂的節奏，展現出愛情中的甜美與掙扎。專輯中的每首歌都是對生活的感悟，讓聽者在音樂中尋找心靈的共鳴。這張專輯融合了東方的細膩情感和現代的流行元素，使聽者能夠感受到一種跨越時代的情感聯繫。每首歌都像是一場心靈的對話，帶領聽者從愛的角度重新審視生活中的每一個瞬間。', 400.00, '2023-06-06', '宅配', 290, '2023-10-31 08:00:00', '2024-11-13 05:37:42', 'Combining Eastern traditional elements with modern pop music, this album creates a unique musical style that expresses interpretations of love and life. The album \"Seven Miles of Fragrance\" is a deep interpretation of love and life, blending Eastern delicacy with modern pop rhythms. Each song is like a flower bud waiting to bloom, carrying an endless longing for love and life. The melodies are beautiful and full of emotion, from soft tunes to passionate rhythms, showcasing both the sweetness and struggle of love. Every song in this album is an insight into life, allowing the listener to find resonance with their own emotions in the music. The album blends the delicate emotions of the East with modern pop elements, letting the listener experience an emotional connection that transcends time. Each song is like a spiritual dialogue, inviting the listener to re-examine every moment in life from the perspective of love.');

-- --------------------------------------------------------

--
-- 資料表結構 `pp_album_genres`
--

CREATE TABLE `pp_album_genres` (
  `p_album_genres_id` int NOT NULL,
  `p_albums_id` int NOT NULL,
  `p_genres_id` int NOT NULL
) ENGINE=InnoDB DEFAULT CHARSET=utf8mb3;

--
-- 傾印資料表的資料 `pp_album_genres`
--

INSERT INTO `pp_album_genres` (`p_album_genres_id`, `p_albums_id`, `p_genres_id`) VALUES
(1, 1, 1),
(2, 2, 1),
(3, 3, 1),
(4, 4, 1),
(5, 5, 1),
(6, 6, 1),
(7, 7, 1),
(8, 8, 1),
(9, 9, 1),
(10, 10, 1),
(11, 11, 1),
(12, 12, 1),
(13, 13, 1),
(14, 14, 1),
(15, 15, 1),
(16, 16, 2),
(17, 17, 2),
(18, 18, 2),
(19, 19, 2),
(20, 20, 2),
(21, 21, 2),
(22, 22, 2),
(23, 23, 2),
(24, 24, 2),
(25, 25, 2),
(26, 26, 3),
(27, 37, 3),
(28, 38, 3),
(29, 39, 3),
(30, 30, 3),
(31, 31, 3),
(32, 32, 3),
(33, 33, 3),
(34, 34, 4),
(35, 35, 4),
(36, 36, 4),
(37, 37, 4),
(38, 38, 4),
(39, 39, 4),
(40, 40, 4),
(41, 41, 4),
(42, 42, 4),
(43, 43, 4),
(44, 44, 4),
(45, 45, 4),
(46, 46, 4),
(47, 47, 4),
(48, 48, 4),
(49, 49, 4);

-- --------------------------------------------------------

--
-- 資料表結構 `pp_carts`
--

CREATE TABLE `pp_carts` (
  `p_cart_id` int NOT NULL,
  `user_id` int DEFAULT NULL,
  `p_commodity_id` int DEFAULT NULL,
  `p_albums_id` int DEFAULT NULL,
  `p_cart_quantity` int DEFAULT NULL,
  `p_cart_img_filename` varchar(255) DEFAULT NULL,
  `p_cart_price` decimal(10,2) DEFAULT NULL,
  `p_cart_created_at` timestamp NULL DEFAULT CURRENT_TIMESTAMP
) ENGINE=InnoDB DEFAULT CHARSET=utf8mb4 COLLATE=utf8mb4_0900_ai_ci;

--
-- 傾印資料表的資料 `pp_carts`
--

INSERT INTO `pp_carts` (`p_cart_id`, `user_id`, `p_commodity_id`, `p_albums_id`, `p_cart_quantity`, `p_cart_img_filename`, `p_cart_price`, `p_cart_created_at`) VALUES
(6, 1, NULL, 10, 4, 'ppcx100/ppc010-(1).jpg', 495.00, '2024-11-19 06:09:41'),
(7, 1, NULL, 35, 1, 'ppcx100/ppc035-(1).jpg', 300.00, '2024-11-19 06:10:55'),
(8, 1, NULL, 12, 1, 'ppcx100/ppc012-(1).jpg', 340.00, '2024-11-19 06:12:06'),
(9, 1, NULL, 46, 1, 'ppcx100/ppc046-(1).jpg', 600.00, '2024-11-19 12:50:49');

-- --------------------------------------------------------

--
-- 資料表結構 `pp_genres`
--

CREATE TABLE `pp_genres` (
  `p_genres_id` int NOT NULL,
  `p_genres_name` varchar(255) NOT NULL
) ENGINE=InnoDB DEFAULT CHARSET=utf8mb3;

--
-- 傾印資料表的資料 `pp_genres`
--

INSERT INTO `pp_genres` (`p_genres_id`, `p_genres_name`) VALUES
(1, '現代流行'),
(2, '搖滾曲風'),
(3, '藍調'),
(4, '靈魂樂'),
(5, '全部');

-- --------------------------------------------------------

--
-- 資料表結構 `pp_orders`
--

CREATE TABLE `pp_orders` (
  `p_order_id` int NOT NULL,
  `user_id` int DEFAULT NULL,
  `p_order_status` varchar(50) COLLATE utf8mb4_general_ci DEFAULT NULL,
  `p_order_total_amount` decimal(10,2) DEFAULT NULL,
  `p_order_shipping_address` text COLLATE utf8mb4_general_ci,
  `p_order_shipping_fee` int DEFAULT NULL,
  `p_order_payment_status` varchar(50) COLLATE utf8mb4_general_ci DEFAULT NULL,
  `p_order_orderNumber` varchar(50) COLLATE utf8mb4_general_ci DEFAULT NULL,
  `p_order_created_at` timestamp NOT NULL DEFAULT CURRENT_TIMESTAMP,
  `p_order_updated_at` timestamp NOT NULL DEFAULT CURRENT_TIMESTAMP ON UPDATE CURRENT_TIMESTAMP,
  `p_order_phone` varchar(55) COLLATE utf8mb4_general_ci DEFAULT NULL,
  `p_order_email` varchar(255) COLLATE utf8mb4_general_ci DEFAULT NULL,
  `p_commodity_id` int DEFAULT NULL
) ENGINE=InnoDB DEFAULT CHARSET=utf8mb4 COLLATE=utf8mb4_general_ci;

--
-- 傾印資料表的資料 `pp_orders`
--

INSERT INTO `pp_orders` (`p_order_id`, `user_id`, `p_order_status`, `p_order_total_amount`, `p_order_shipping_address`, `p_order_shipping_fee`, `p_order_payment_status`, `p_order_orderNumber`, `p_order_created_at`, `p_order_updated_at`, `p_order_phone`, `p_order_email`, `p_commodity_id`) VALUES
(1, 1, '準備中', 1720.00, '東明路175巷12弄30號', 80, '已付款', 'PF87294546', '2024-11-17 01:54:50', '2024-11-17 01:54:50', '0912345678', 'goerg9523@gmail.com', NULL),
(2, 1, '準備中', 360.00, '台北市大安區', 80, '已付款', 'PF75072130', '2024-11-17 01:58:42', '2024-11-17 01:58:42', '0924567891', 'dodo@dododo.com', NULL),
(3, 1, '準備中', 940.00, '東明路175巷12弄30號', 80, '已付款', 'PF13449726', '2024-11-17 02:50:23', '2024-11-17 02:50:23', '0912345678', 'goerg9523@gmail.com', NULL),
(4, 1, '準備中', 940.00, '東明路175巷12弄30號', 80, '已付款', 'PF17328930', '2024-11-17 02:53:29', '2024-11-17 02:53:29', '0912346578', 'goerg9523@gmail.com', NULL),
(5, 1, '準備中', 265.00, '宜蘭市', 80, '已付款', 'PF77392898', '2024-11-17 05:34:57', '2024-11-17 05:34:57', '0912345789', 'aaa@gmail.com', NULL),
(6, 1, '準備中', 625.00, '東明路175巷12弄30號', 80, '已付款', 'PF87498258', '2024-11-17 05:35:46', '2024-11-17 05:35:46', '0912345678', 'goerg9523@gmail.com', NULL),
(7, 1, '準備中', 625.00, '測試1號', 80, '已付款', 'PF78928999', '2024-11-17 05:37:40', '2024-11-17 05:37:40', '0912345678', 'test01@gmail.com', NULL),
(8, 1, '準備中', 625.00, '測試二號', 80, '已付款', 'PF13882936', '2024-11-17 05:43:34', '2024-11-17 05:43:34', '0912345678', 'test2@gmail.com', NULL),
(9, 1, '準備中', 625.00, '測試三號', 80, '已付款', 'PF25380557', '2024-11-17 05:53:30', '2024-11-17 05:53:30', '0912345678', 'test3@gmail.com', NULL),
(10, 1, '準備中', 625.00, '測試三號', 80, '已付款', 'PF36187412', '2024-11-17 05:55:57', '2024-11-17 05:55:57', '0912345678', 'test4@gmail.com', NULL),
(11, 1, '準備中', 555.00, '測試四號', 80, '已付款', 'PF83485064', '2024-11-17 05:59:35', '2024-11-17 05:59:35', '0912345678', 'test5@gmail.com', NULL),
(12, 1, '準備中', 555.00, '測試五號', 80, '已付款', 'PF20610327', '2024-11-17 06:02:38', '2024-11-17 06:02:38', '0912345678', 'trst5@gmail.com', NULL),
(13, 1, '準備中', 1995.00, '嗨嗨嗨嗨', 80, '已付款', 'PF91754616', '2024-11-17 19:18:04', '2024-11-17 19:18:04', '0912345678', 'reww@gmail.com', NULL),
(14, 1, '準備中', 440.00, '嗨嗨嗨嗨', 80, '已付款', 'PF75556228', '2024-11-19 04:53:25', '2024-11-19 04:53:25', '0912345678', 'mi1224ke06@gmail.com', NULL);

-- --------------------------------------------------------

--
-- 資料表結構 `pp_order_items`
--

CREATE TABLE `pp_order_items` (
  `p_order_item_id` int NOT NULL,
  `p_order_id` int DEFAULT NULL,
  `p_albums_id` int DEFAULT NULL,
  `p_order_items_totalAmount` int DEFAULT NULL
) ENGINE=InnoDB DEFAULT CHARSET=utf8mb4 COLLATE=utf8mb4_general_ci;

--
-- 傾印資料表的資料 `pp_order_items`
--

INSERT INTO `pp_order_items` (`p_order_item_id`, `p_order_id`, `p_albums_id`, `p_order_items_totalAmount`) VALUES
(1, 1, 3, 295),
(2, 1, 44, 490),
(3, 1, 38, 395),
(4, 1, 45, 540),
(5, 2, 21, 360),
(6, 3, 8, 260),
(7, 3, 12, 680),
(8, 4, 8, 260),
(9, 4, 12, 680),
(10, 5, 11, 265),
(11, 6, 13, 355),
(12, 6, 2, 270),
(13, 7, 13, 355),
(14, 7, 2, 270),
(15, 8, 2, 270),
(16, 8, 13, 355),
(17, 9, 13, 355),
(18, 9, 2, 270),
(19, 10, 13, 355),
(20, 10, 2, 270),
(21, 11, 2, 270),
(22, 11, 4, 285),
(23, 12, 2, 270),
(24, 12, 4, 285),
(25, 13, 4, 1995),
(26, 14, 17, 440);

-- --------------------------------------------------------

--
-- 資料表結構 `pp_products_img`
--

CREATE TABLE `pp_products_img` (
  `p_productsimg_id` int NOT NULL,
  `p_albums_id` int DEFAULT NULL,
  `p_productsimg_filename` varchar(200) CHARACTER SET utf8mb4 COLLATE utf8mb4_general_ci DEFAULT NULL
) ENGINE=InnoDB DEFAULT CHARSET=utf8mb4 COLLATE=utf8mb4_general_ci;

--
-- 傾印資料表的資料 `pp_products_img`
--

INSERT INTO `pp_products_img` (`p_productsimg_id`, `p_albums_id`, `p_productsimg_filename`) VALUES
(1, 1, 'ppcx100/ppc001-(1).jpg'),
(2, 1, 'ppcx100/ppc001-(2).jpg'),
(3, 1, 'ppcx100/ppc001-(3).jpg'),
(4, 1, 'ppcx100/ppc001-(4).jpg'),
(5, 2, 'ppcx100/ppc002-(1).jpg'),
(6, 2, 'ppcx100/ppc002-(2).jpg'),
(7, 2, 'ppcx100/ppc002-(3).jpg'),
(8, 2, 'ppcx100/ppc002-(4).jpg'),
(9, 3, 'ppcx100/ppc003-(1).jpg'),
(10, 3, 'ppcx100/ppc003-(2).jpg'),
(11, 3, 'ppcx100/ppc003-(3).jpg'),
(12, 3, 'ppcx100/ppc003-(4).jpg'),
(13, 4, 'ppcx100/ppc004-(1).jpg'),
(14, 4, 'ppcx100/ppc004-(2).jpg'),
(15, 4, 'ppcx100/ppc004-(3).jpg'),
(16, 4, 'ppcx100/ppc004-(4).jpg'),
(17, 5, 'ppcx100/ppc005-(1).jpg'),
(18, 5, 'ppcx100/ppc005-(2).jpg'),
(19, 5, 'ppcx100/ppc005-(3).jpg'),
(20, 5, 'ppcx100/ppc005-(4).jpg'),
(21, 6, 'ppcx100/ppc006-(1).jpg'),
(22, 6, 'ppcx100/ppc006-(2).jpg'),
(23, 6, 'ppcx100/ppc006-(3).jpg'),
(24, 6, 'ppcx100/ppc006-(4).jpg'),
(25, 7, 'ppcx100/ppc007-(1).jpg'),
(26, 7, 'ppcx100/ppc007-(2).jpg'),
(27, 7, 'ppcx100/ppc007-(3).jpg'),
(28, 7, 'ppcx100/ppc007-(4).jpg'),
(29, 8, 'ppcx100/ppc008-(1).jpg'),
(30, 8, 'ppcx100/ppc008-(2).jpg'),
(31, 8, 'ppcx100/ppc008-(3).jpg'),
(32, 8, 'ppcx100/ppc008-(4).jpg'),
(33, 9, 'ppcx100/ppc009-(1).jpg'),
(34, 9, 'ppcx100/ppc009-(2).jpg'),
(35, 9, 'ppcx100/ppc009-(3).jpg'),
(36, 9, 'ppcx100/ppc009-(4).jpg'),
(37, 10, 'ppcx100/ppc010-(1).jpg'),
(38, 10, 'ppcx100/ppc010-(2).jpg'),
(39, 10, 'ppcx100/ppc010-(3).jpg'),
(40, 10, 'ppcx100/ppc010-(4).jpg'),
(41, 11, 'ppcx100/ppc011-(1).jpg'),
(42, 11, 'ppcx100/ppc011-(2).jpg'),
(43, 11, 'ppcx100/ppc011-(3).jpg'),
(44, 11, 'ppcx100/ppc011-(4).jpg'),
(45, 12, 'ppcx100/ppc012-(1).jpg'),
(46, 12, 'ppcx100/ppc012-(2).jpg'),
(47, 12, 'ppcx100/ppc012-(3).jpg'),
(48, 12, 'ppcx100/ppc012-(4).jpg'),
(49, 13, 'ppcx100/ppc013-(1).jpg'),
(50, 13, 'ppcx100/ppc013-(2).jpg'),
(51, 13, 'ppcx100/ppc013-(3).jpg'),
(52, 13, 'ppcx100/ppc013-(4).jpg'),
(53, 14, 'ppcx100/ppc014-(1).jpg'),
(54, 14, 'ppcx100/ppc014-(2).jpg'),
(55, 14, 'ppcx100/ppc014-(3).jpg'),
(56, 14, 'ppcx100/ppc014-(4).jpg'),
(57, 15, 'ppcx100/ppc015-(1).jpg'),
(58, 15, 'ppcx100/ppc015-(2).jpg'),
(59, 15, 'ppcx100/ppc015-(3).jpg'),
(60, 15, 'ppcx100/ppc015-(4).jpg'),
(61, 16, 'ppcx100/ppc016-(1).jpg'),
(62, 16, 'ppcx100/ppc016-(2).jpg'),
(63, 16, 'ppcx100/ppc016-(3).jpg'),
(64, 16, 'ppcx100/ppc016-(4).jpg'),
(65, 17, 'ppcx100/ppc017-(1).jpg'),
(66, 17, 'ppcx100/ppc017-(2).jpg'),
(67, 17, 'ppcx100/ppc017-(3).jpg'),
(68, 17, 'ppcx100/ppc017-(4).jpg'),
(69, 18, 'ppcx100/ppc018-(1).jpg'),
(70, 18, 'ppcx100/ppc018-(2).jpg'),
(71, 18, 'ppcx100/ppc018-(3).jpg'),
(72, 18, 'ppcx100/ppc018-(4).jpg'),
(73, 19, 'ppcx100/ppc019-(1).jpg'),
(74, 19, 'ppcx100/ppc019-(2).jpg'),
(75, 19, 'ppcx100/ppc019-(3).jpg'),
(76, 19, 'ppcx100/ppc019-(4).jpg'),
(77, 20, 'ppcx100/ppc020-(1).jpg'),
(78, 20, 'ppcx100/ppc020-(2).jpg'),
(79, 20, 'ppcx100/ppc020-(3).jpg'),
(80, 20, 'ppcx100/ppc020-(4).jpg'),
(81, 21, 'ppcx100/ppc021-(1).jpg'),
(82, 21, 'ppcx100/ppc021-(2).jpg'),
(83, 21, 'ppcx100/ppc021-(3).jpg'),
(84, 21, 'ppcx100/ppc021-(4).jpg'),
(85, 22, 'ppcx100/ppc022-(1).jpg'),
(86, 22, 'ppcx100/ppc022-(2).jpg'),
(87, 22, 'ppcx100/ppc022-(3).jpg'),
(88, 22, 'ppcx100/ppc022-(4).jpg'),
(89, 23, 'ppcx100/ppc023-(1).jpg'),
(90, 23, 'ppcx100/ppc023-(2).jpg'),
(91, 23, 'ppcx100/ppc023-(3).jpg'),
(92, 23, 'ppcx100/ppc023-(4).jpg'),
(93, 24, 'ppcx100/ppc024-(1).jpg'),
(94, 24, 'ppcx100/ppc024-(2).jpg'),
(95, 24, 'ppcx100/ppc024-(3).jpg'),
(96, 24, 'ppcx100/ppc024-(4).jpg'),
(97, 25, 'ppcx100/ppc025-(1).jpg'),
(98, 25, 'ppcx100/ppc025-(2).jpg'),
(99, 25, 'ppcx100/ppc025-(3).jpg'),
(100, 25, 'ppcx100/ppc025-(4).jpg'),
(101, 26, 'ppcx100/ppc026-(1).jpg'),
(102, 26, 'ppcx100/ppc026-(2).jpg'),
(103, 26, 'ppcx100/ppc026-(3).jpg'),
(104, 26, 'ppcx100/ppc026-(4).jpg'),
(105, 27, 'ppcx100/ppc027-(1).jpg'),
(106, 27, 'ppcx100/ppc027-(2).jpg'),
(107, 27, 'ppcx100/ppc027-(3).jpg'),
(108, 27, 'ppcx100/ppc027-(4).jpg'),
(109, 28, 'ppcx100/ppc028-(1).jpg'),
(110, 28, 'ppcx100/ppc028-(2).jpg'),
(111, 28, 'ppcx100/ppc028-(3).jpg'),
(112, 28, 'ppcx100/ppc028-(4).jpg'),
(113, 29, 'ppcx100/ppc029-(1).jpg'),
(114, 29, 'ppcx100/ppc029-(2).jpg'),
(115, 29, 'ppcx100/ppc029-(3).jpg'),
(116, 29, 'ppcx100/ppc029-(4).jpg'),
(117, 30, 'ppcx100/ppc030-(1).jpg'),
(118, 30, 'ppcx100/ppc030-(2).jpg'),
(119, 30, 'ppcx100/ppc030-(3).jpg'),
(120, 30, 'ppcx100/ppc030-(4).jpg'),
(121, 31, 'ppcx100/ppc031-(1).jpg'),
(122, 31, 'ppcx100/ppc031-(2).jpg'),
(123, 31, 'ppcx100/ppc031-(3).jpg'),
(124, 31, 'ppcx100/ppc031-(4).jpg'),
(125, 32, 'ppcx100/ppc032-(1).jpg'),
(126, 32, 'ppcx100/ppc032-(2).jpg'),
(127, 32, 'ppcx100/ppc032-(3).jpg'),
(128, 32, 'ppcx100/ppc032-(4).jpg'),
(129, 33, 'ppcx100/ppc033-(1).jpg'),
(130, 33, 'ppcx100/ppc033-(2).jpg'),
(131, 33, 'ppcx100/ppc033-(3).jpg'),
(132, 33, 'ppcx100/ppc033-(4).jpg'),
(133, 34, 'ppcx100/ppc034-(1).jpg'),
(134, 34, 'ppcx100/ppc034-(2).jpg'),
(135, 34, 'ppcx100/ppc034-(3).jpg'),
(136, 34, 'ppcx100/ppc034-(4).jpg'),
(137, 35, 'ppcx100/ppc035-(1).jpg'),
(138, 35, 'ppcx100/ppc035-(2).jpg'),
(139, 35, 'ppcx100/ppc035-(3).jpg'),
(140, 35, 'ppcx100/ppc035-(4).jpg'),
(141, 36, 'ppcx100/ppc036-(1).jpg'),
(142, 36, 'ppcx100/ppc036-(2).jpg'),
(143, 36, 'ppcx100/ppc036-(3).jpg'),
(144, 36, 'ppcx100/ppc036-(4).jpg'),
(145, 37, 'ppcx100/ppc037-(1).jpg'),
(146, 37, 'ppcx100/ppc037-(2).jpg'),
(147, 37, 'ppcx100/ppc037-(3).jpg'),
(148, 37, 'ppcx100/ppc037-(4).jpg'),
(149, 38, 'ppcx100/ppc038-(1).jpg'),
(150, 38, 'ppcx100/ppc038-(2).jpg'),
(151, 38, 'ppcx100/ppc038-(3).jpg'),
(152, 38, 'ppcx100/ppc038-(4).jpg'),
(153, 39, 'ppcx100/ppc039-(1).jpg'),
(154, 39, 'ppcx100/ppc039-(2).jpg'),
(155, 39, 'ppcx100/ppc039-(3).jpg'),
(156, 39, 'ppcx100/ppc039-(4).jpg'),
(157, 40, 'ppcx100/ppc040-(1).jpg'),
(158, 40, 'ppcx100/ppc040-(2).jpg'),
(159, 40, 'ppcx100/ppc040-(3).jpg'),
(160, 40, 'ppcx100/ppc040-(4).jpg'),
(161, 41, 'ppcx100/ppc041-(1).jpg'),
(162, 41, 'ppcx100/ppc041-(2).jpg'),
(163, 41, 'ppcx100/ppc041-(3).jpg'),
(164, 41, 'ppcx100/ppc041-(4).jpg'),
(165, 42, 'ppcx100/ppc042-(1).jpg'),
(166, 42, 'ppcx100/ppc042-(2).jpg'),
(167, 42, 'ppcx100/ppc042-(3).jpg'),
(168, 42, 'ppcx100/ppc042-(4).jpg'),
(169, 43, 'ppcx100/ppc043-(1).jpg'),
(170, 43, 'ppcx100/ppc043-(2).jpg'),
(171, 43, 'ppcx100/ppc043-(3).jpg'),
(172, 43, 'ppcx100/ppc043-(4).jpg'),
(173, 44, 'ppcx100/ppc044-(1).jpg'),
(174, 44, 'ppcx100/ppc044-(2).jpg'),
(175, 44, 'ppcx100/ppc044-(3).jpg'),
(176, 44, 'ppcx100/ppc044-(4).jpg'),
(177, 45, 'ppcx100/ppc045-(1).jpg'),
(178, 45, 'ppcx100/ppc045-(2).jpg'),
(179, 45, 'ppcx100/ppc045-(3).jpg'),
(180, 45, 'ppcx100/ppc045-(4).jpg'),
(181, 46, 'ppcx100/ppc046-(1).jpg'),
(182, 46, 'ppcx100/ppc046-(2).jpg'),
(183, 46, 'ppcx100/ppc046-(3).jpg'),
(184, 46, 'ppcx100/ppc046-(4).jpg'),
(185, 47, 'ppcx100/ppc047-(1).jpg'),
(186, 47, 'ppcx100/ppc047-(2).jpg'),
(187, 47, 'ppcx100/ppc047-(3).jpg'),
(188, 47, 'ppcx100/ppc047-(4).jpg'),
(189, 48, 'ppcx100/ppc048-(1).jpg'),
(190, 48, 'ppcx100/ppc048-(2).jpg'),
(191, 48, 'ppcx100/ppc048-(3).jpg'),
(192, 48, 'ppcx100/ppc048-(4).jpg'),
(193, 49, 'ppcx100/ppc049-(1).jpg'),
(194, 49, 'ppcx100/ppc049-(2).jpg'),
(195, 49, 'ppcx100/ppc049-(3).jpg'),
(196, 49, 'ppcx100/ppc049-(4).jpg');

-- --------------------------------------------------------

--
-- 資料表結構 `s_chat`
--

CREATE TABLE `s_chat` (
  `s_chat_id` int NOT NULL,
  `s_unique_id` varchar(50) CHARACTER SET utf8mb4 COLLATE utf8mb4_general_ci NOT NULL,
  `s_chat_member` int DEFAULT NULL,
  `s_chat` varchar(100) CHARACTER SET utf8mb4 COLLATE utf8mb4_general_ci DEFAULT NULL,
  `s_created_at` timestamp NOT NULL DEFAULT CURRENT_TIMESTAMP,
  `s_stream_id` int DEFAULT NULL
) ENGINE=InnoDB DEFAULT CHARSET=utf8mb4 COLLATE=utf8mb4_general_ci;

--
-- 傾印資料表的資料 `s_chat`
--

INSERT INTO `s_chat` (`s_chat_id`, `s_unique_id`, `s_chat_member`, `s_chat`, `s_created_at`, `s_stream_id`) VALUES
(1, 'P2HOJXr-TMXeAHnAAAAC', NULL, 'hi has joined the chat', '2024-11-13 02:23:51', NULL),
(2, 'P2HOJXr-TMXeAHnAAAAC', NULL, 'hi has left the chat', '2024-11-13 02:24:01', NULL),
(3, 'EhOdrEJM8VL9zm9SAAAC', NULL, 'hi has joined the chat', '2024-11-13 02:32:58', NULL),
(4, 'EhOdrEJM8VL9zm9SAAAC', NULL, 'hello', '2024-11-13 02:33:04', NULL),
(5, 'EhOdrEJM8VL9zm9SAAAC', NULL, 'what up', '2024-11-13 02:33:07', NULL),
(6, 'TBgJj7yTJnRpewveAAAF', NULL, 'allen has joined the chat', '2024-11-13 02:33:40', NULL),
(7, 'TBgJj7yTJnRpewveAAAF', NULL, 'hello', '2024-11-13 02:33:44', NULL),
(8, 'TBgJj7yTJnRpewveAAAF', NULL, 'allen has left the chat', '2024-11-13 02:33:47', NULL),
(9, 'EhOdrEJM8VL9zm9SAAAC', NULL, 'hi has left the chat', '2024-11-13 02:33:48', NULL),
(10, 'HZ0HF2wFzyVt9OhnAAAE', NULL, 'allen has joined the chat', '2024-11-13 09:29:38', NULL),
(11, 'HZ0HF2wFzyVt9OhnAAAE', NULL, 'hi', '2024-11-13 09:29:42', NULL),
(12, 'HZ0HF2wFzyVt9OhnAAAE', NULL, 'yes', '2024-11-13 09:29:44', NULL),
(13, 'HZ0HF2wFzyVt9OhnAAAE', NULL, 'allen has left the chat', '2024-11-13 09:38:07', NULL),
(14, 'fzLYV9Eocl9ht-vyAAAQ', NULL, 'allen has joined the chat', '2024-11-13 09:41:11', NULL),
(15, 'fzLYV9Eocl9ht-vyAAAQ', NULL, 'hi', '2024-11-13 09:41:15', NULL),
(16, 'fzLYV9Eocl9ht-vyAAAQ', NULL, 'allen has left the chat', '2024-11-13 09:41:19', NULL),
(17, 'eh40Y_G2QO3sylNXAAAY', NULL, '415 has joined the chat', '2024-11-13 11:18:34', NULL),
(18, 'eh40Y_G2QO3sylNXAAAY', NULL, '498', '2024-11-13 11:18:38', NULL),
(19, 'eh40Y_G2QO3sylNXAAAY', NULL, '5984', '2024-11-13 11:18:41', NULL),
(20, 'eh40Y_G2QO3sylNXAAAY', NULL, '415 has left the chat', '2024-11-13 11:18:52', NULL);

--
-- 已傾印資料表的索引
--

--
-- 資料表索引 `f_like`
--
ALTER TABLE `f_like`
  ADD PRIMARY KEY (`f_like_id`),
  ADD KEY `FMEMBER` (`f_member_id`),
  ADD KEY `FMESSAGE` (`f_message_id`);

--
-- 資料表索引 `f_message`
--
ALTER TABLE `f_message`
  ADD PRIMARY KEY (`f_message_id`);

--
-- 資料表索引 `f_music_playlist`
--
ALTER TABLE `f_music_playlist`
  ADD PRIMARY KEY (`music_id`);

--
-- 資料表索引 `f_news`
--
ALTER TABLE `f_news`
  ADD PRIMARY KEY (`f_news_id`);

--
-- 資料表索引 `f_order`
--
ALTER TABLE `f_order`
  ADD PRIMARY KEY (`f_order_id`),
  ADD KEY `f_member_id` (`f_member_id`);

--
-- 資料表索引 `f_order_detail`
--
ALTER TABLE `f_order_detail`
  ADD PRIMARY KEY (`f_detail_id`);

--
-- 資料表索引 `f_picture`
--
ALTER TABLE `f_picture`
  ADD PRIMARY KEY (`f_picture_id`);

--
-- 資料表索引 `f_plan`
--
ALTER TABLE `f_plan`
  ADD PRIMARY KEY (`f_plan_id`);

--
-- 資料表索引 `f_project_list`
--
ALTER TABLE `f_project_list`
  ADD PRIMARY KEY (`f_project_id`);

--
-- 資料表索引 `f_question`
--
ALTER TABLE `f_question`
  ADD PRIMARY KEY (`f_question_id`);

--
-- 資料表索引 `f_share`
--
ALTER TABLE `f_share`
  ADD PRIMARY KEY (`f_share_id`),
  ADD KEY `FSMEMBER` (`f_member_id`),
  ADD KEY `FSMESSAGE` (`f_message_id`);

--
-- 資料表索引 `m_favorite`
--
ALTER TABLE `m_favorite`
  ADD PRIMARY KEY (`m_favorite_id`),
  ADD KEY `m_member_id` (`m_member_id`);

--
-- 資料表索引 `m_member`
--
ALTER TABLE `m_member`
  ADD PRIMARY KEY (`m_member_id`);

--
-- 資料表索引 `pp_albums`
--
ALTER TABLE `pp_albums`
  ADD PRIMARY KEY (`p_albums_id`);

--
-- 資料表索引 `pp_album_genres`
--
ALTER TABLE `pp_album_genres`
  ADD PRIMARY KEY (`p_album_genres_id`),
  ADD KEY `p_albums_id` (`p_albums_id`),
  ADD KEY `p_genres_id` (`p_genres_id`);

--
-- 資料表索引 `pp_carts`
--
ALTER TABLE `pp_carts`
  ADD PRIMARY KEY (`p_cart_id`);

--
-- 資料表索引 `pp_genres`
--
ALTER TABLE `pp_genres`
  ADD PRIMARY KEY (`p_genres_id`);

--
-- 資料表索引 `pp_orders`
--
ALTER TABLE `pp_orders`
  ADD PRIMARY KEY (`p_order_id`);

--
-- 資料表索引 `pp_order_items`
--
ALTER TABLE `pp_order_items`
  ADD PRIMARY KEY (`p_order_item_id`);

--
-- 資料表索引 `pp_products_img`
--
ALTER TABLE `pp_products_img`
  ADD PRIMARY KEY (`p_productsimg_id`),
  ADD KEY `p_productsimg_filename` (`p_productsimg_filename`);

--
-- 資料表索引 `s_chat`
--
ALTER TABLE `s_chat`
  ADD PRIMARY KEY (`s_chat_id`),
  ADD KEY `s_stream_id` (`s_stream_id`);

--
-- 在傾印的資料表使用自動遞增(AUTO_INCREMENT)
--

--
-- 使用資料表自動遞增(AUTO_INCREMENT) `f_like`
--
ALTER TABLE `f_like`
  MODIFY `f_like_id` int NOT NULL AUTO_INCREMENT, AUTO_INCREMENT=324;

--
-- 使用資料表自動遞增(AUTO_INCREMENT) `f_message`
--
ALTER TABLE `f_message`
  MODIFY `f_message_id` int NOT NULL AUTO_INCREMENT, AUTO_INCREMENT=98;

--
-- 使用資料表自動遞增(AUTO_INCREMENT) `f_music_playlist`
--
ALTER TABLE `f_music_playlist`
  MODIFY `music_id` int NOT NULL AUTO_INCREMENT, AUTO_INCREMENT=6;

--
-- 使用資料表自動遞增(AUTO_INCREMENT) `f_news`
--
ALTER TABLE `f_news`
  MODIFY `f_news_id` int NOT NULL AUTO_INCREMENT, AUTO_INCREMENT=10;

--
-- 使用資料表自動遞增(AUTO_INCREMENT) `f_order`
--
ALTER TABLE `f_order`
  MODIFY `f_order_id` int NOT NULL AUTO_INCREMENT, AUTO_INCREMENT=10;

--
-- 使用資料表自動遞增(AUTO_INCREMENT) `f_order_detail`
--
ALTER TABLE `f_order_detail`
  MODIFY `f_detail_id` int NOT NULL AUTO_INCREMENT, AUTO_INCREMENT=12;

--
-- 使用資料表自動遞增(AUTO_INCREMENT) `f_picture`
--
ALTER TABLE `f_picture`
  MODIFY `f_picture_id` int NOT NULL AUTO_INCREMENT, AUTO_INCREMENT=3;

--
-- 使用資料表自動遞增(AUTO_INCREMENT) `f_plan`
--
ALTER TABLE `f_plan`
  MODIFY `f_plan_id` int NOT NULL AUTO_INCREMENT, AUTO_INCREMENT=89;

--
-- 使用資料表自動遞增(AUTO_INCREMENT) `f_project_list`
--
ALTER TABLE `f_project_list`
  MODIFY `f_project_id` int NOT NULL AUTO_INCREMENT, AUTO_INCREMENT=33;

--
-- 使用資料表自動遞增(AUTO_INCREMENT) `f_question`
--
ALTER TABLE `f_question`
  MODIFY `f_question_id` int NOT NULL AUTO_INCREMENT, AUTO_INCREMENT=11;

--
-- 使用資料表自動遞增(AUTO_INCREMENT) `f_share`
--
ALTER TABLE `f_share`
  MODIFY `f_share_id` int NOT NULL AUTO_INCREMENT, AUTO_INCREMENT=51;

--
-- 使用資料表自動遞增(AUTO_INCREMENT) `m_favorite`
--
ALTER TABLE `m_favorite`
  MODIFY `m_favorite_id` int NOT NULL AUTO_INCREMENT, AUTO_INCREMENT=42;

--
-- 使用資料表自動遞增(AUTO_INCREMENT) `m_member`
--
ALTER TABLE `m_member`
  MODIFY `m_member_id` int NOT NULL AUTO_INCREMENT, AUTO_INCREMENT=185;

--
-- 使用資料表自動遞增(AUTO_INCREMENT) `pp_albums`
--
ALTER TABLE `pp_albums`
  MODIFY `p_albums_id` int NOT NULL AUTO_INCREMENT, AUTO_INCREMENT=50;

--
-- 使用資料表自動遞增(AUTO_INCREMENT) `pp_carts`
--
ALTER TABLE `pp_carts`
  MODIFY `p_cart_id` int NOT NULL AUTO_INCREMENT, AUTO_INCREMENT=10;

--
-- 使用資料表自動遞增(AUTO_INCREMENT) `pp_orders`
--
ALTER TABLE `pp_orders`
  MODIFY `p_order_id` int NOT NULL AUTO_INCREMENT, AUTO_INCREMENT=15;

--
-- 使用資料表自動遞增(AUTO_INCREMENT) `pp_order_items`
--
ALTER TABLE `pp_order_items`
  MODIFY `p_order_item_id` int NOT NULL AUTO_INCREMENT, AUTO_INCREMENT=27;

--
-- 使用資料表自動遞增(AUTO_INCREMENT) `pp_products_img`
--
ALTER TABLE `pp_products_img`
  MODIFY `p_productsimg_id` int NOT NULL AUTO_INCREMENT, AUTO_INCREMENT=197;

--
-- 使用資料表自動遞增(AUTO_INCREMENT) `s_chat`
--
ALTER TABLE `s_chat`
  MODIFY `s_chat_id` int NOT NULL AUTO_INCREMENT, AUTO_INCREMENT=21;
COMMIT;

/*!40101 SET CHARACTER_SET_CLIENT=@OLD_CHARACTER_SET_CLIENT */;
/*!40101 SET CHARACTER_SET_RESULTS=@OLD_CHARACTER_SET_RESULTS */;
/*!40101 SET COLLATION_CONNECTION=@OLD_COLLATION_CONNECTION */;
